1,924,gwestmerland0,30,16,12
2,10,mgrishkov1,41,43,18
3,275,mgiacopini2,32,32,43
4,3,djarville3,32,4,33
5,412,rstennings4,50,17,49
6,179,pfransson5,38,1,5
7,698,jjanota6,34,28,46
8,567,cattoe7,42,48,35
9,262,rbrock8,23,39,33
10,726,ushillaker9,7,21,38
11,912,mmacadiea,36,50,26
12,390,daylinb,24,24,7
13,986,rbeardshallc,40,24,4
14,697,ibennelld,16,12,6
15,986,rstoneye,1,41,20
16,554,hlardeuxf,44,48,32
17,70,sforrestillg,41,33,16
18,988,bwetherickh,2,25,26
19,258,prawlencei,48,4,42
20,570,jtuffieldj,49,20,49
21,891,bmccullockk,38,46,38
22,35,gfulfordl,49,21,9
23,592,amangerm,19,4,33
24,540,tblenkharnn,42,2,22
25,770,lshillidayo,14,42,37
26,133,scuttlerp,22,17,13
27,43,ssebbornq,5,26,38
28,617,bspencleyr,29,25,40
29,275,tmedmores,17,7,19
30,696,pmackerleyt,18,32,14
31,114,bartheyu,40,10,13
32,432,hdelhayv,44,40,46
33,179,emccandlessw,26,26,14
34,636,cflewx,24,24,10
35,784,tcogleyy,20,50,38
36,409,wbeardsallz,47,27,13
37,68,ayandle10,10,23,42
38,402,alumm11,13,50,50
39,572,dguard12,7,46,5
40,632,nmacpeice13,15,22,44
41,189,rhurdman14,15,41,26
42,64,lhardin15,20,19,33
43,257,bedinborough16,17,1,43
44,621,akuhnke17,13,29,8
45,473,jharnes18,18,5,34
46,267,djacquemet19,27,28,2
47,568,acurror1a,37,19,12
48,365,cmarsy1b,43,26,11
49,251,cpimm1c,6,17,16
50,205,dshipcott1d,24,2,32
51,646,polivella1e,27,21,26
52,531,sshreenan1f,38,17,37
53,502,zdixcey1g,27,21,42
54,302,tsustin1h,2,32,29
55,674,ndressel1i,20,35,29
56,783,abonome1j,29,15,17
57,871,agurry1k,36,28,2
58,650,dcharlon1l,36,48,7
59,103,alello1m,1,9,29
60,190,zpickle1n,30,39,9
61,620,pmcconnulty1o,43,41,32
62,241,mcurmi1p,17,29,23
63,848,mcressingham1q,30,6,6
64,342,fhainey1r,3,23,33
65,610,mleahey1s,48,30,26
66,2,bgoscomb1t,9,38,15
67,308,mscrannage1u,25,19,6
68,118,llyons1v,14,22,22
69,965,slempenny1w,12,24,25
70,372,qalesio1x,20,49,28
71,11,ogerrelts1y,18,42,23
72,512,bkilmister1z,26,32,42
73,357,jriseborough20,49,47,39
74,533,btotterdill21,23,31,50
75,752,jgarrit22,11,17,47
76,518,dbarbie23,50,46,21
77,880,lcoupman24,40,41,16
78,235,mector25,16,23,24
79,244,hberndsen26,14,30,22
80,20,pmackelworth27,29,12,11
81,189,karens28,36,32,44
82,441,achape29,46,14,11
83,389,ldowtry2a,13,36,2
84,243,rcupitt2b,20,6,1
85,230,mjosling2c,29,18,8
86,534,asilveston2d,12,50,27
87,811,omore2e,31,34,42
88,819,zmariet2f,27,48,44
89,560,spelcheur2g,36,39,14
90,294,rposvner2h,32,45,20
91,189,apaik2i,39,6,49
92,31,zleades2j,30,28,24
93,420,nmcneice2k,46,43,22
94,720,dduiguid2l,25,38,35
95,334,mgladyer2m,39,20,4
96,478,cgilbody2n,33,23,21
97,381,vluten2o,38,37,3
98,395,bjanz2p,39,46,17
99,721,jcallery2q,49,21,21
100,880,dscurrell2r,12,26,34
101,314,rasplen2s,17,6,28
102,540,cmoan2t,41,8,4
103,165,cstiling2u,47,15,8
104,724,sbescoby2v,46,17,42
105,793,jovise2w,3,45,21
106,478,ebolton2x,12,28,43
107,266,tpawlett2y,50,29,13
108,979,hmccrossan2z,38,41,2
109,905,dnaper30,39,1,11
110,530,erodell31,29,49,4
111,299,bgravie32,10,2,20
112,712,mnelthorpe33,16,7,13
113,478,vseabrocke34,22,28,4
114,299,amacculloch35,35,42,38
115,546,pbrennenstuhl36,38,7,20
116,963,iginty37,36,7,13
117,507,ssotworth38,3,41,45
118,938,sfetters39,5,39,47
119,75,jblackstone3a,12,5,28
120,275,acowthart3b,6,23,33
121,728,taldersea3c,8,1,11
122,194,epincott3d,29,11,50
123,355,kpietersma3e,45,36,13
124,477,sgascoigne3f,28,15,43
125,162,mguterson3g,35,17,41
126,790,orelfe3h,40,29,18
127,453,mtarbatt3i,42,17,5
128,542,acabrara3j,20,27,30
129,875,xpinchen3k,5,9,30
130,387,bmarriott3l,25,33,47
131,101,nraye3m,13,23,14
132,400,cconnechy3n,10,26,45
133,406,mmaciaszek3o,30,49,47
134,857,kcrichten3p,45,4,29
135,728,tlambertciorwyn3q,13,10,20
136,219,veverill3r,9,20,32
137,234,rcortes3s,8,23,25
138,613,kmillett3t,30,19,40
139,84,nwycliffe3u,37,35,18
140,136,jblaes3v,27,11,2
141,629,kisson3w,19,15,37
142,619,rcrapper3x,46,19,5
143,957,bgrolmann3y,4,30,16
144,271,akitchen3z,11,35,34
145,63,mullyatt40,16,9,50
146,360,jgreenhill41,27,43,11
147,85,ckintish42,5,8,49
148,703,rmaccarrick43,22,1,30
149,149,litzcovich44,36,40,9
150,779,ipittaway45,28,15,27
151,19,rwaddilove46,8,19,14
152,272,aknellen47,12,43,18
153,407,shodcroft48,14,37,23
154,813,nhearson49,7,4,12
155,941,pstuchbery4a,22,38,36
156,553,cverney4b,10,25,21
157,401,mnortcliffe4c,34,32,48
158,19,bmacvay4d,29,50,9
159,307,dbeade4e,14,47,6
160,923,bmathewes4f,9,45,20
161,951,rsahlstrom4g,48,10,32
162,763,aaitchinson4h,16,12,28
163,542,agoldspink4i,47,4,45
164,156,pphilippard4j,40,46,12
165,248,mavrahamoff4k,15,11,41
166,285,ctrowell4l,8,37,38
167,688,poteague4m,28,30,31
168,566,dsellers4n,47,36,8
169,841,kkierans4o,25,50,27
170,9,rlittlekit4p,37,38,30
171,862,bdibiasi4q,1,30,12
172,381,obuche4r,2,1,3
173,860,lcharlotte4s,22,18,14
174,773,cdoy4t,8,14,16
175,448,kummfrey4u,28,2,32
176,189,fcardo4v,38,19,41
177,754,nruppel4w,49,15,42
178,681,jyouthed4x,46,9,5
179,702,emangin4y,44,29,45
180,615,cfairpool4z,13,9,28
181,491,awoodnutt50,9,48,45
182,407,atrouncer51,42,43,12
183,528,umervyn52,18,12,2
184,161,wlaffling53,46,17,2
185,666,klawfull54,10,3,19
186,97,acordie55,41,20,28
187,650,hharrigan56,26,22,1
188,291,ascala57,23,12,50
189,609,lsatyford58,50,33,1
190,102,ebrownbridge59,32,28,50
191,665,mbandey5a,2,2,2
192,12,qfarnin5b,50,11,9
193,181,dwhalebelly5c,8,25,49
194,698,tfishlee5d,16,22,23
195,875,bilyushkin5e,33,30,9
196,737,mbedborough5f,15,30,11
197,548,raylward5g,19,31,50
198,550,vbaack5h,1,49,46
199,501,blevison5i,1,23,17
200,17,ccrass5j,48,41,7
201,216,cmackeever5k,35,2,48
202,472,lsillis5l,34,24,44
203,169,hmarfe5m,28,42,40
204,643,cmotten5n,42,48,13
205,224,msommersett5o,42,8,27
206,682,gtroutbeck5p,6,11,12
207,66,sgaize5q,47,34,47
208,921,lodogherty5r,48,33,33
209,681,ahendrich5s,50,38,21
210,274,lcoatman5t,20,5,35
211,440,camis5u,23,24,43
212,549,lfresson5v,46,15,20
213,680,rburnie5w,46,8,35
214,783,pfevers5x,19,29,17
215,881,kvarndell5y,10,41,36
216,213,areddel5z,9,35,35
217,960,dscones60,19,32,44
218,475,csybbe61,3,38,14
219,565,sattenbrough62,21,28,1
220,826,ndensey63,11,16,23
221,859,tmusker64,25,40,14
222,55,rpykerman65,31,19,4
223,663,gjean66,15,43,40
224,483,ebooy67,36,25,35
225,195,srolley68,38,22,2
226,880,whendron69,40,39,40
227,485,mmadine6a,14,48,39
228,199,ldysert6b,40,35,46
229,797,rsowerby6c,44,15,12
230,756,kaddey6d,44,2,19
231,435,bdykins6e,1,40,18
232,140,tdoumerque6f,13,38,23
233,666,rnevinson6g,8,30,21
234,53,honoland6h,14,12,25
235,944,abeminster6i,20,2,5
236,826,gvanes6j,3,4,39
237,235,asturzaker6k,14,43,39
238,496,asearl6l,24,27,3
239,11,abest6m,18,35,43
240,854,chutson6n,19,21,22
241,837,breinbach6o,26,23,35
242,114,drand6p,42,3,35
243,369,brymer6q,23,27,48
244,26,dluesley6r,23,49,17
245,766,dmaybey6s,1,8,39
246,821,cbirdsall6t,30,26,40
247,755,vbalshen6u,4,29,41
248,390,thumber6v,3,2,2
249,775,wvandenhoff6w,41,31,16
250,875,kmcquorkell6x,15,47,38
251,117,pcryer6y,38,23,11
252,398,aasch6z,23,41,25
253,646,csambells70,9,10,10
254,197,mbuxey71,36,49,9
255,350,kchilderhouse72,41,16,44
256,869,cogley73,26,12,9
257,524,ddrysdall74,37,16,18
258,195,ppurple75,31,39,48
259,861,tspary76,17,9,49
260,474,bclack77,45,12,31
261,376,tfilintsev78,44,30,44
262,784,dwichard79,36,41,1
263,406,bgerardot7a,28,10,11
264,406,sfairey7b,20,35,31
265,822,catley7c,9,22,38
266,131,kcrockley7d,33,40,25
267,243,cpulster7e,22,42,16
268,85,kibanez7f,18,17,39
269,690,gnerger7g,20,47,13
270,171,rmerredy7h,8,29,47
271,388,mzambonini7i,16,18,37
272,718,cheinicke7j,5,27,6
273,596,wgrishunin7k,29,27,40
274,317,kmaclardie7l,21,50,45
275,165,jpastor7m,24,18,34
276,596,cstoacley7n,43,42,39
277,347,iconklin7o,26,17,26
278,616,imacveigh7p,21,40,30
279,756,ctry7q,8,30,17
280,499,lpiola7r,23,30,29
281,167,chart7s,12,32,20
282,248,msign7t,44,14,42
283,461,lgrimbleby7u,47,49,2
284,820,gbridel7v,35,35,4
285,471,gleither7w,12,29,23
286,970,awilley7x,38,19,37
287,494,landrzejak7y,27,18,25
288,648,mkeays7z,46,39,40
289,727,hjandera80,16,5,6
290,267,icantle81,31,31,9
291,479,anoddings82,19,21,2
292,921,sattow83,48,6,41
293,951,eromme84,48,2,14
294,862,mbaudouin85,2,29,28
295,406,okernoghan86,20,31,34
296,229,pclamo87,50,24,7
297,135,kbrandassi88,21,6,17
298,231,tspringtorp89,43,32,7
299,33,dtreagus8a,36,33,31
300,647,csuffield8b,44,6,43
301,892,claguerre8c,49,37,41
302,456,cradin8d,8,20,24
303,24,dgeraud8e,34,13,18
304,943,dgwin8f,41,3,32
305,606,ahellsdon8g,37,27,31
306,796,eloach8h,43,47,44
307,185,epanting8i,8,2,2
308,179,bmaccardle8j,34,16,42
309,739,oskures8k,49,12,46
310,604,dmiltonwhite8l,46,2,41
311,33,jlambe8m,37,16,38
312,532,tmacgiollapheadair8n,45,23,45
313,725,rdeblasiis8o,29,15,46
314,126,afarmer8p,6,45,13
315,666,tmathelon8q,36,4,38
316,866,chibling8r,35,24,18
317,290,cgaddes8s,2,3,11
318,976,wlantuffe8t,10,15,4
319,165,lwhifen8u,1,10,45
320,66,ilonsdale8v,4,2,35
321,190,cthorius8w,21,17,39
322,639,tprobetts8x,47,35,22
323,405,kdaugherty8y,1,1,43
324,40,mrigardeau8z,19,50,7
325,346,aparlett90,39,11,36
326,493,econichie91,16,27,16
327,135,ttoope92,50,34,25
328,395,lhorsley93,30,10,32
329,93,rromero94,17,17,14
330,540,lwilliam95,2,16,5
331,1,inobes96,26,30,27
332,489,vstronough97,24,37,38
333,407,mamy98,25,25,32
334,51,lfather99,4,50,4
335,515,vcaccavella9a,24,2,46
336,978,gswalteridge9b,43,29,20
337,60,mgreguol9c,18,50,22
338,164,cturneaux9d,3,19,41
339,570,fidill9e,41,15,47
340,284,spettett9f,32,33,37
341,332,adunstan9g,1,33,37
342,128,ecastelot9h,22,18,46
343,183,ohorlick9i,1,2,32
344,652,kandell9j,16,31,27
345,471,llongfoot9k,45,46,29
346,308,kcoxon9l,5,7,5
347,442,edoyley9m,42,4,41
348,709,nvigne9n,49,21,31
349,640,aroddick9o,29,20,10
350,860,farrighini9p,5,6,25
351,986,akordes9q,48,28,48
352,337,htrow9r,32,44,24
353,802,bsugar9s,13,46,7
354,957,achecchi9t,10,22,38
355,538,wmeynell9u,28,16,1
356,786,agazey9v,10,31,10
357,288,zlarver9w,45,44,23
358,675,akyme9x,30,15,29
359,435,jpocklington9y,39,11,43
360,593,erosnau9z,3,16,5
361,442,rchomiszewskia0,11,49,6
362,798,ecantoa1,12,9,18
363,474,sbiesingera2,47,38,15
364,610,svicara3,19,2,44
365,646,ksherera4,41,43,4
366,238,khousamana5,39,7,35
367,773,bgormallya6,41,40,21
368,743,rchestertona7,37,32,43
369,62,shastlera8,28,4,7
370,640,bgravellsa9,18,29,13
371,316,iknottaa,35,43,38
372,710,dswetenhamab,43,46,7
373,11,sethridgeac,36,33,4
374,915,dmarshallad,35,12,29
375,98,jhaconae,4,18,18
376,94,nknotonaf,18,38,41
377,890,scameronag,10,5,28
378,478,bdruhanah,36,20,6
379,801,edeortegaai,20,6,10
380,341,rgorvinaj,25,23,6
381,638,rbrickellak,47,8,5
382,326,nwolveyal,33,35,6
383,408,ahixleyam,13,29,47
384,487,cportean,27,6,50
385,915,myakuntzovao,35,27,38
386,399,fhinstridgeap,6,18,36
387,308,ccatherallaq,5,3,14
388,232,bpinnockar,26,9,26
389,689,nwernyas,33,20,49
390,196,broelofsat,32,9,21
391,792,dblucherau,4,31,50
392,416,tcurnickav,33,32,2
393,975,qcelleraw,44,15,49
394,761,dtabnerax,31,20,43
395,308,kblenkironay,40,42,46
396,565,nkennyaz,45,23,1
397,413,mpadlyb0,19,41,27
398,395,ddinsmoreb1,39,1,17
399,541,sbroadfootb2,1,2,43
400,757,jmouldb3,15,32,28
401,10,doverthrowb4,10,6,7
402,399,tcrollb5,22,41,1
403,661,mgylesb6,49,34,35
404,682,imageeb7,6,34,46
405,309,dveltmanb8,42,20,11
406,649,ijorisb9,19,10,26
407,220,olaightba,33,31,23
408,227,kmallordbb,44,11,24
409,590,chaybc,3,37,1
410,167,enajarabd,9,21,5
411,796,wbruckentalbe,5,36,28
412,374,ggriffeybf,3,5,4
413,860,tmordauntbg,7,3,9
414,622,esturneybh,49,6,26
415,241,sladonbi,16,20,1
416,918,ufacerbj,27,25,38
417,433,atalmadgebk,14,13,34
418,463,ocrossbl,4,23,14
419,46,ploftingbm,9,30,9
420,690,nfebrebn,40,49,37
421,370,psheronbo,37,21,29
422,847,jhawthornbp,22,43,38
423,296,dortigerbq,27,41,25
424,106,cbearnsbr,38,47,20
425,650,wcabblebs,2,21,23
426,54,tjahnkebt,21,35,22
427,23,nsymonsbu,5,21,28
428,452,rstatebv,46,19,36
429,415,vsyddonbw,45,31,21
430,258,chardwickebx,18,1,48
431,235,sberickby,11,30,41
432,920,wsteuartbz,43,44,39
433,103,lsturtec0,5,34,27
434,305,mlancashirec1,12,27,38
435,746,hkeseyc2,14,33,29
436,112,irobertazzic3,32,49,20
437,583,jcalveyc4,17,36,25
438,689,mvaldec5,39,7,19
439,659,cwiggamc6,2,21,30
440,846,mpestridgec7,38,10,5
441,361,fmeechanc8,11,44,47
442,995,gtanslyc9,1,11,17
443,3,mmattiaccica,1,44,4
444,435,ckempstoncb,11,39,4
445,443,mvenardcc,26,26,14
446,755,wdowdingcd,22,1,5
447,503,spauwelce,38,3,19
448,222,caugiecf,7,34,24
449,191,llightbodycg,31,26,27
450,229,jjaxonch,47,45,45
451,980,kechlinci,38,36,8
452,767,rwarltoncj,33,3,38
453,511,anockellsck,34,40,2
454,272,tconnowcl,10,14,31
455,947,mfrawleycm,50,19,35
456,925,agallencn,40,2,13
457,721,hdaymondco,47,34,49
458,132,jgockelercp,24,34,4
459,478,mmontecq,31,5,16
460,125,rmogfordcr,48,47,39
461,980,abyrdcs,44,1,7
462,397,schaferct,8,9,49
463,981,jabsoloncu,3,25,40
464,953,ldroghancv,16,3,49
465,778,cdorycw,22,44,20
466,168,twellercx,47,2,7
467,494,sligertoncy,39,7,26
468,627,sgrabbamcz,37,48,37
469,95,amacallasterd0,34,20,16
470,566,gspeedyd1,20,35,31
471,232,givattd2,4,7,36
472,249,kwimmerd3,10,32,11
473,212,lsaffond4,50,42,11
474,586,rsaffrind5,6,30,39
475,295,hhappertd6,48,9,44
476,243,gkleinhandlerd7,41,45,23
477,766,trobathamd8,18,34,30
478,251,vmanuellid9,42,35,4
479,504,osabatinida,23,29,36
480,8,dcammoiledb,20,39,19
481,175,sloutheanedc,20,32,47
482,976,alipscombedd,6,35,49
483,251,rridesde,32,42,14
484,293,mbillisondf,37,48,12
485,495,ypugsleydg,48,44,15
486,667,idelvedh,48,50,18
487,618,bfurmengerdi,23,3,15
488,693,bcaneodj,10,20,8
489,372,mkeunekedk,34,45,24
490,78,lmcgarvadl,36,30,34
491,929,ideppedm,4,6,8
492,976,ascarsbrookedn,33,19,31
493,376,sprisleydo,3,7,11
494,791,grecorddp,8,42,4
495,259,ptunnadinedq,22,19,47
496,191,kgreatlanddr,43,6,47
497,961,tmessentds,44,3,4
498,778,hseviordt,37,22,15
499,891,lgumlydu,46,2,21
500,276,rmaurodv,31,23,43
501,911,ecarabetdw,35,17,30
502,537,esillarsdx,5,16,4
503,860,mdoylenddy,50,6,8
504,730,raidlerdz,31,44,22
505,23,csneakere0,16,12,45
506,961,rimlocke1,17,34,39
507,549,gdallane2,49,22,21
508,862,kmacphaile3,5,39,48
509,863,fcreanee4,45,11,42
510,806,mmatselle5,30,41,13
511,146,clandeauxe6,50,19,3
512,476,crawoode7,7,27,30
513,946,dgatteridgee8,12,41,5
514,275,jkochle9,9,43,7
515,676,lgeharkeea,10,34,30
516,604,dalbertsoneb,1,7,39
517,10,echeleyec,1,11,44
518,910,cwolfersed,28,25,34
519,374,ksivornee,27,15,2
520,553,cbyassef,49,46,35
521,456,pgraybealeg,18,4,26
522,557,slisetteh,17,41,27
523,228,mshorterei,14,32,13
524,341,rridsdellej,16,44,12
525,340,lcasserleyek,38,40,35
526,270,mlindbladel,5,18,33
527,144,afairlamem,16,5,5
528,277,todonnellyen,47,6,40
529,349,turryeo,25,9,4
530,465,tmeesep,22,13,12
531,367,smatuszewskieq,34,9,46
532,847,dsallnower,23,21,16
533,22,lkeablees,14,49,37
534,605,lgoodbandet,45,18,10
535,308,lpatmaneu,34,17,46
536,885,cladelev,48,27,27
537,237,hbenfieldew,2,3,23
538,335,gmckennanex,34,47,18
539,248,ppinarey,6,5,27
540,285,iyounieez,24,21,13
541,808,drenonf0,24,5,3
542,250,mbarrarf1,28,27,4
543,775,isiegertszf2,40,37,27
544,364,mkeatchf3,36,29,47
545,634,mcarderf4,45,33,6
546,770,mmcgillecolef5,30,48,32
547,569,cspeddinf6,9,2,3
548,45,haldcornf7,29,22,10
549,394,edrexelf8,4,26,24
550,123,utremellanf9,24,41,49
551,241,rbartoszinskifa,17,33,25
552,108,dboggonfb,35,36,1
553,593,mmargaretfc,43,49,22
554,778,lstephensonfd,27,41,10
555,810,htaillardfe,16,10,40
556,377,ylejeanff,12,11,2
557,596,hmcluckyfg,37,38,46
558,260,mchaldecottfh,19,44,21
559,49,ldeeganfi,35,15,11
560,512,cgaggfj,26,49,42
561,38,rdobsonfk,9,15,20
562,653,ztrunksfl,10,48,44
563,332,dponterfm,19,29,33
564,608,tthrowerfn,37,31,44
565,397,ebaakefo,24,34,11
566,358,bmenauteaufp,18,4,23
567,832,dmcindoefq,34,14,15
568,405,npitthamfr,32,29,38
569,21,eattlefs,41,7,12
570,182,lseacombeft,33,8,2
571,196,bchiversfu,46,25,1
572,813,sharmestonfv,8,38,6
573,264,vdavisfw,33,30,13
574,135,csperrettfx,30,17,6
575,586,sclyantfy,1,41,42
576,227,alardgefz,12,31,24
577,454,amuntg0,36,17,14
578,490,raizkovitchg1,11,2,17
579,850,dbriggg2,28,30,20
580,538,tindgsg3,11,37,33
581,946,kdevilg4,35,42,14
582,702,plowranceg5,28,15,31
583,339,fmcmanusg6,45,5,40
584,476,zmolloyg7,16,8,40
585,173,wlittrikg8,2,48,34
586,139,eportwaineg9,23,37,17
587,960,mpatega,27,19,10
588,578,edoughertygb,20,36,1
589,126,malevequegc,31,13,15
590,192,rcraytongd,50,7,37
591,518,ncummingge,27,37,9
592,914,blurnergf,20,11,38
593,154,rwrathmellgg,41,11,4
594,798,iilymanovgh,6,17,23
595,846,kgrishukovgi,26,42,18
596,378,acastaignetgj,37,49,29
597,185,mbossinghamgk,19,19,10
598,345,kthechamgl,42,12,24
599,191,dwarcopgm,12,48,26
600,629,rninnolign,42,38,5
601,986,tmordacaigo,13,28,47
602,251,msommersettgp,17,30,8
603,756,jmenichinogq,6,16,1
604,243,wdomaschkegr,44,25,4
605,129,lsignoregs,15,29,1
606,713,lcleevesgt,19,25,3
607,549,mdellabbategu,10,35,46
608,970,mayshgv,2,45,21
609,601,rchatelaingw,30,6,30
610,944,gdaubneygx,8,19,16
611,284,aclaricoatesgy,35,47,12
612,210,lmcmahongz,41,21,49
613,124,tcottonh0,32,24,20
614,835,nalastairh1,33,13,50
615,584,dmuirh2,5,10,9
616,184,dvaladezh3,13,6,40
617,450,igalbreathh4,34,14,33
618,386,hboorerh5,45,38,33
619,646,hsetchh6,25,50,45
620,105,snelliesh7,46,39,9
621,950,jlowreh8,3,42,19
622,115,zollerhadh9,43,7,17
623,891,hjarvilleha,17,6,14
624,763,lfardenhb,42,11,43
625,78,apotehc,9,21,50
626,360,bmulhallhd,30,17,47
627,862,lchrestienhe,18,34,42
628,37,popferhf,7,45,23
629,913,jdrennanhg,15,33,35
630,201,rfisbeyhh,41,12,5
631,265,fruslinhi,7,23,18
632,748,iwheelikerhj,25,31,4
633,633,dgraeserhk,2,42,7
634,772,kkonerdinghl,38,43,17
635,742,ufritchlyhm,27,9,30
636,131,drulehn,32,25,45
637,72,astadenho,22,13,13
638,966,sbuttnerhp,34,15,28
639,640,jmckanehq,3,46,4
640,89,vbilthr,6,25,31
641,601,pwebbbowenhs,50,4,28
642,926,erosenboimht,24,5,31
643,33,obuesdenhu,26,35,3
644,159,rmccalumhv,42,32,1
645,464,lraisbeckhw,19,38,36
646,762,kfairbridgehx,19,1,47
647,151,lcameranahy,21,50,31
648,420,spolglazehz,24,2,28
649,461,bharmesi0,23,17,24
650,729,gkendelli1,40,10,9
651,174,clucai2,4,32,13
652,798,aboddicei3,19,7,26
653,693,rbrosemani4,45,38,8
654,349,tbodicumi5,26,8,29
655,957,crolfoi6,2,5,13
656,896,ojennensi7,33,15,18
657,295,ewinchcombi8,27,21,14
658,174,lbeachampi9,40,46,35
659,271,hdrieuia,42,50,19
660,962,mcroceib,1,36,13
661,362,cnapletonic,48,42,1
662,42,snormantid,13,7,33
663,716,lsymersie,48,9,5
664,102,jellickif,50,40,46
665,15,kbuddellig,41,21,3
666,395,mmarstersih,45,45,41
667,483,jsearstonii,24,46,30
668,432,kwalkowskiij,43,39,37
669,380,mburderik,4,19,23
670,853,balexandersenil,24,26,21
671,418,hshufflebothamim,9,35,48
672,647,ipeironein,45,3,17
673,814,jsansunio,12,23,15
674,900,hcastletonip,14,22,42
675,332,dwindeattiq,21,41,38
676,66,ibaptieir,8,33,5
677,672,vslowanis,38,35,4
678,516,bmacmenamyit,42,14,25
679,864,nsurgeyiu,2,15,47
680,543,tbengleiv,34,6,32
681,620,smiltoniw,15,26,32
682,938,cinfantinoix,43,37,31
683,668,idunyiy,18,13,38
684,346,cbertwistleiz,45,33,4
685,823,rgilhooliej0,22,12,13
686,602,gwellbelovedj1,14,50,14
687,251,jwallacej2,22,28,1
688,600,rpoyntonj3,9,45,43
689,201,tbiggadikej4,15,15,15
690,647,tfaynej5,42,2,48
691,229,jbagguleyj6,48,22,35
692,810,apowneyj7,36,9,8
693,573,mscrivnerj8,8,28,17
694,26,lheggiej9,36,22,50
695,782,ptirreyja,8,9,24
696,669,tmcgettrickjb,34,46,35
697,4,hmoylesjc,19,31,49
698,436,hreedersjd,48,25,38
699,135,jalexsandrowiczje,36,50,49
700,527,apileticjf,6,13,38
701,379,wjewersjg,45,23,21
702,80,emincinijh,32,26,9
703,979,rkovnotji,19,38,39
704,410,lmcginlayjj,29,23,3
705,787,reeftingjk,3,22,33
706,977,asiemianowiczjl,9,40,49
707,705,rbidewelljm,35,12,9
708,90,mcicuttojn,32,37,25
709,103,htomaszczykjo,37,9,20
710,785,gseggejp,13,30,12
711,215,emarwickjq,47,35,43
712,865,lblandenjr,3,22,10
713,416,jpettengelljs,35,25,21
714,821,amountneyjt,36,25,10
715,384,vcymperju,23,38,47
716,432,gleheudejv,6,50,37
717,563,cganforthjw,50,31,20
718,839,skerjx,8,27,32
719,12,gheretyjy,41,47,49
720,846,zalthorpejz,48,13,48
721,610,wgumbrellk0,4,37,22
722,146,gswarbriggk1,21,45,2
723,498,mpeadk2,50,5,43
724,823,ddomenichinik3,19,43,26
725,581,molexak4,13,24,11
726,630,gdrayk5,3,38,23
727,584,gobriank6,46,43,20
728,924,newinsk7,13,14,20
729,297,jjalesk8,5,16,8
730,494,kmacknishk9,25,7,47
731,492,pmcruvieka,8,1,10
732,429,cpennycuickkb,23,11,49
733,815,cgiacobillokc,12,30,22
734,293,raudrykd,16,50,10
735,4,kdumingoske,38,3,9
736,164,jjirsakf,20,33,27
737,184,fgoodreidkg,27,23,48
738,174,lkermanneskh,12,46,8
739,268,kmckeagki,36,5,21
740,848,keleshenarkj,15,38,6
741,319,kskelhornekk,20,47,39
742,920,mmayheadkl,31,36,7
743,532,geddoweskm,33,23,49
744,702,jmeaseykn,42,20,3
745,880,rfladgateko,1,23,5
746,751,dbillinghamkp,18,21,32
747,43,aaldrittkq,33,48,5
748,74,ckyrkemankr,39,10,50
749,513,akraleks,33,24,46
750,544,fmillierekt,24,47,27
751,36,erosewellku,26,50,28
752,458,lbenedickkv,23,9,23
753,315,glochekw,39,18,5
754,52,ynewlandkx,2,39,8
755,882,aferraronky,5,11,38
756,711,mhertwellkz,34,27,8
757,553,hpatridgel0,16,1,30
758,220,kstreaderl1,35,21,23
759,390,jmadnerl2,15,47,38
760,39,zortelll3,17,16,14
761,360,nofihilliel4,22,39,8
762,552,fnerhenyl5,14,7,26
763,529,rsweetenl6,32,49,50
764,100,cglaisterl7,6,46,5
765,596,bdilrewl8,46,14,3
766,408,roslarl9,24,38,6
767,942,reborallla,33,6,36
768,666,mgimsonlb,40,9,43
769,432,pravenslc,30,11,6
770,403,opearmineld,13,40,28
771,375,ajosskowitzle,29,20,43
772,894,sbrearlf,31,3,25
773,447,dmauricelg,46,15,14
774,233,ssheerelh,29,20,40
775,757,pmacpeakeli,9,25,11
776,162,mwalwoodlj,11,7,29
777,723,ahulancelk,4,31,19
778,740,jaugustell,31,30,32
779,385,odechellelm,37,30,16
780,575,vjeschnerln,2,43,35
781,971,lpetyaninlo,40,34,8
782,862,nambroschlp,14,20,44
783,982,bflintofflq,19,37,48
784,812,gdemanchelr,43,3,35
785,393,glessmarels,2,21,3
786,866,kleatelt,38,8,6
787,215,sburdounlu,41,13,25
788,689,calvenlv,39,18,9
789,400,arampleelw,29,25,40
790,447,rdanielsenlx,3,2,14
791,361,bboudly,32,1,5
792,617,adilaweylz,3,21,17
793,950,ppavlenkovm0,36,22,41
794,435,lpapezm1,37,28,48
795,721,rmossonm2,19,34,5
796,792,msherwinm3,15,39,9
797,638,bgrugerrm4,27,30,4
798,353,jgeocklem5,2,12,39
799,550,gmoroneym6,40,24,5
800,776,jsouthallm7,21,48,44
801,177,zpickaverm8,3,31,47
802,854,cbayliem9,41,46,36
803,135,lfirksma,10,30,27
804,815,kwoltmanmb,12,12,2
805,321,cbainsmc,34,3,37
806,293,lleistmd,2,11,12
807,828,sdudderidgeme,49,2,30
808,146,nbarnwillemf,44,45,45
809,603,lgypsonmg,43,37,13
810,471,fthompsonmh,1,2,36
811,86,fleprevostmi,35,30,28
812,182,ffoshmj,40,12,40
813,770,acoshammk,37,28,50
814,776,unugentml,21,5,41
815,39,aliffemm,4,4,18
816,33,dgotobedmn,26,24,2
817,301,emacfadyenmo,20,44,13
818,175,sgleadhallmp,42,34,26
819,163,estabbinsmq,3,13,4
820,786,lfitzjohnmr,42,42,40
821,247,tdomonkosms,36,12,18
822,229,icrinsonmt,27,12,2
823,493,sschleswigholsteinmu,8,28,10
824,184,jtrymemv,37,45,16
825,688,speatheyjohnsmw,31,28,28
826,910,sbleuemx,7,23,36
827,907,ffagencemy,38,48,5
828,74,gtschiersemz,17,16,12
829,387,bstanggjertsenn0,3,25,42
830,668,svlasyevn1,17,42,23
831,841,smccrown2,36,38,15
832,750,cfryen3,32,5,32
833,299,rbaitsonn4,10,35,34
834,28,despinhon5,30,39,24
835,814,fmckillopn6,35,12,48
836,613,cworsfoldn7,37,8,10
837,160,bburnelln8,38,27,20
838,442,chedlingn9,39,32,12
839,958,ekynanna,29,11,23
840,641,clotenb,25,37,5
841,880,clambardnc,42,45,43
842,363,lgavrielind,16,45,19
843,655,tkitchingmanne,41,5,10
844,396,afernandeznf,28,16,43
845,676,gclemensonng,25,33,19
846,766,lthewysnh,36,17,12
847,825,tchellenhamni,30,40,11
848,840,mcastlemannj,23,38,11
849,334,marelesnk,37,41,22
850,162,tkondratenkonl,38,32,7
851,977,ychurmnm,41,25,48
852,18,jfleetnn,35,47,2
853,195,kwhewellno,11,35,1
854,659,jbortolnp,11,19,2
855,974,dgilkisonnq,30,2,11
856,436,rpesselnr,26,48,3
857,418,amelledyns,35,36,40
858,896,rberendsennt,32,48,32
859,152,mgerrishnu,6,45,22
860,825,aswiggernv,20,43,35
861,711,pclemendetnw,19,24,28
862,427,cbrewisnx,14,19,5
863,970,ojoretny,20,37,45
864,689,edeclerqnz,48,20,36
865,900,frudkino0,1,34,47
866,579,sskeemero1,33,30,41
867,504,fmuncero2,26,18,49
868,39,rmcilmurrayo3,33,38,42
869,196,gtoynbeeo4,15,50,31
870,783,ahasleno5,3,26,8
871,301,sfero6,44,7,36
872,536,cfulliloveo7,24,19,20
873,836,epateo8,21,45,22
874,364,uchanceliero9,37,4,7
875,157,egauchoa,38,4,46
876,278,mclynterob,32,6,4
877,480,rjumeloc,33,27,37
878,291,ocastlesod,40,18,4
879,924,pyappoe,36,14,42
880,571,akneeof,15,6,21
881,774,jseifenmacherog,2,38,27
882,462,sreadettoh,18,25,23
883,707,mraviliousoi,39,25,11
884,804,afountainoj,13,27,34
885,633,cbraidleyok,9,35,46
886,748,dkarolewskiol,1,39,4
887,693,wtuxwellom,32,10,25
888,963,kosirinon,43,13,16
889,859,mcottisfordoo,50,21,3
890,194,bjahnischop,5,5,24
891,924,rjozaitisoq,13,35,14
892,959,kvarkeror,10,41,13
893,843,tbroadberrieos,46,3,48
894,840,bgilfoyot,10,11,25
895,742,pellenou,12,23,16
896,679,dgerckenov,24,17,10
897,611,ssnuggow,48,8,5
898,813,rdobkinox,30,43,41
899,277,lharesoy,28,7,47
900,753,cbrymneroz,43,13,18
901,722,ddahlgrenp0,30,31,14
902,964,wvacherp1,10,25,4
903,651,ssturdgessp2,1,49,35
904,947,gkitcattp3,9,16,9
905,629,fbartlomiejczykp4,31,31,28
906,498,dhaylandp5,7,7,43
907,133,slennardp6,13,1,10
908,632,nwitcombep7,41,18,41
909,652,omatthisp8,40,36,16
910,60,esimenotp9,8,1,32
911,206,sdoddemeedepa,2,23,39
912,723,cpurslowpb,2,48,23
913,646,ddedonpc,40,23,33
914,443,gconnoldpd,38,13,34
915,825,sgiampietrope,29,49,1
916,417,ntilliardpf,22,24,21
917,550,chowlingpg,49,30,20
918,52,hbrosiusph,30,37,1
919,436,csmalleypi,15,38,34
920,89,rmendoncapj,18,25,26
921,129,fmucklowpk,14,24,14
922,965,vearneypl,45,2,50
923,575,vmattkepm,20,27,34
924,234,abolverpn,27,37,8
925,686,vfirminpo,11,50,42
926,424,lbenettinipp,11,22,40
927,800,chehirpq,27,14,35
928,90,lrizzillopr,24,7,47
929,121,geastmanps,18,45,24
930,65,cruddimanpt,46,14,4
931,604,rausiellopu,23,13,2
932,299,cstreetonpv,8,35,48
933,482,nflackepw,49,29,15
934,155,lmandifieldpx,46,17,27
935,856,bhickspy,45,13,31
936,172,cperfilipz,2,8,2
937,284,scutteridgeq0,22,17,33
938,490,aattowq1,42,34,10
939,805,mgeeq2,45,46,35
940,599,eohearnq3,21,35,25
941,374,bswiffinq4,4,27,22
942,171,ngiorgettiq5,42,44,40
943,308,sbortolq6,47,31,50
944,374,jdumphriesq7,41,7,8
945,617,bcanetq8,25,48,12
946,273,apoytherasq9,14,7,12
947,227,byacobsohnqa,41,6,33
948,251,oloadwickqb,49,49,9
949,764,lmacgregorqc,11,23,50
950,789,mlampenqd,34,3,30
951,344,cdeleekqe,11,39,19
952,619,rstockillqf,2,10,45
953,831,gaskieqg,29,22,47
954,489,bfayqh,32,41,5
955,869,gtorpieqi,29,29,35
956,99,hbanasevichqj,29,23,9
957,29,pendersonqk,29,25,49
958,672,apedlerql,25,47,20
959,202,dhuisonqm,10,39,46
960,855,praywoodqn,12,22,3
961,561,flyffeqo,23,39,10
962,727,dbuttelqp,20,30,38
963,118,kantcliffeqq,17,38,20
964,712,mnuthqr,6,8,3
965,695,ppactatqs,2,44,3
966,30,gmariaudqt,20,15,29
967,443,mdougaryqu,21,27,30
968,615,wsainteauqv,31,40,20
969,584,fhullockqw,27,14,1
970,976,rgreathamqx,44,39,36
971,297,sjiracekqy,15,15,9
972,618,mhowgateqz,18,12,43
973,168,evincentr0,44,48,43
974,768,bkelsor1,42,14,40
975,941,dgrundler2,17,16,8
976,236,korrettr3,5,45,21
977,662,cawtonr4,23,47,25
978,568,ddrillingcourtr5,45,31,41
979,534,poscolleer6,17,19,1
980,907,rteckr7,6,50,37
981,83,sfrankelr8,37,5,24
982,684,gvampouiller9,32,39,3
983,386,kdeernessra,41,6,1
984,687,mbartomieurb,30,31,42
985,651,aroartyrc,43,13,20
986,561,wtellingrd,9,13,21
987,571,abraveyre,35,22,18
988,914,sriggulsfordrf,40,46,5
989,768,bmaycockrg,7,21,14
990,246,mdafterrh,14,32,35
991,423,ccastelijnri,34,30,43
992,57,eeastmanrj,30,8,26
993,477,wdeererk,32,25,8
994,455,phoffnerrl,16,6,20
995,592,ofancetrm,3,11,22
996,858,sjozaitisrn,50,31,40
997,307,lmcgilvrayro,24,39,16
998,399,ffoucarrp,48,35,4
999,324,vgillionrq,12,6,45
1000,570,ncannavanrr,48,26,4
