1,3,2,nperrelle0,KzzxfazQ1,2018-09-26 12:43:08
2,2,2,gleeke1,2o7sgMoi,2019-04-24 16:17:11
3,2,2,bhartley2,maEe2tcuxbz,2018-09-05 14:16:38
4,2,1,cthick3,hJH6BNO,2018-12-06 04:53:55
5,3,1,jnorkutt4,zNscL2MoQlD,2018-06-22 15:10:05
6,2,1,jkearn5,cFCpzEt8w0J,2019-04-14 19:54:35
7,2,1,lgayforth6,jqqEHQAq,2018-11-12 01:53:26
8,3,1,etittershill7,BSczWKfwvi,2018-12-05 00:35:16
9,3,2,erambaut8,6vkw2oJt,2019-03-29 05:40:54
10,3,1,mmaciaszczyk9,Yiji1HS4cjE,2018-11-04 18:48:10
11,3,1,hhattricka,UaJtoab,2018-09-11 15:35:16
12,3,1,csnodingb,nZrCbZgcx,2019-04-20 15:33:56
13,2,1,iziemsc,KEBpyH9D,2018-10-20 22:45:08
14,3,1,mhuned,JCLfjE4iQs8j,2019-03-13 23:32:51
15,3,2,bclewarthe,y2zgK82ojN,2019-04-19 05:08:56
16,2,2,jbeatonf,nxvxU9,2019-01-15 12:40:19
17,3,1,lsmetoung,bXyMru,2019-03-05 05:32:24
18,3,1,jjoliffeh,5lQdQFo,2019-01-05 14:39:24
19,3,2,freolfoi,J1MLTip9i9y1,2018-06-30 15:23:55
20,2,2,mridgesj,lYxirddl,2019-01-28 17:46:14
21,2,1,agirkek,C4LRCx,2018-11-24 22:21:23
22,2,1,lbuckaml,qUx05CYwh,2019-05-14 21:10:06
23,2,2,msnyderm,fx35C1vlG8,2018-11-17 19:16:11
24,3,1,ctallynn,bQ1jjBe,2018-10-21 08:58:39
25,3,1,aatteridgeo,dVOeB8,2019-05-20 16:35:12
26,3,2,bpregalp,YQQNXUaHo,2018-10-03 17:07:37
27,3,1,smaskellq,eBhcHqUh,2019-05-04 20:37:02
28,2,2,sdavidovicsr,sR6qOPn,2018-07-05 10:32:27
29,3,1,spatrons,YvQmhtxg6,2019-01-07 15:54:27
30,3,2,howbrickt,UUQUpXx,2019-02-14 23:35:39
31,2,2,wroskamsu,Rr4Aq721g,2018-11-23 21:54:04
32,2,1,heastopev,SpWEcjycB,2018-11-18 21:23:29
33,3,2,acanniffew,6o5G530a,2019-05-22 12:16:10
34,2,1,bfaersx,PuzGrUokO2,2019-04-03 07:17:37
35,3,2,tpozzoy,wnAw9SfL4,2018-08-21 23:44:02
36,2,1,kbauerz,jlgLlR2BSZ5,2018-10-02 20:55:45
37,2,1,pkinlock10,zN3mX45,2019-05-23 11:19:57
38,2,1,gmolan11,pa6PgS,2019-04-15 05:02:06
39,3,1,mgeockle12,WC911XG,2018-06-10 12:16:42
40,2,2,cfeares13,wN4jqf9,2018-12-15 03:15:35
41,3,2,tjenton14,zU9FRQJUp,2019-02-14 20:37:12
42,3,2,ttotterdell15,Rv2iMQRi,2018-06-10 08:24:42
43,3,1,jandresen16,99cSEs,2019-03-08 15:47:02
44,2,2,adanford17,3ONZ4D,2018-07-29 11:15:56
45,3,2,tbellfield18,bcImTSFj7Gj,2019-01-13 12:12:12
46,3,1,anuccii19,px1yO2W6tWJw,2018-10-27 16:00:29
47,3,2,pbordiss1a,qjzdb3Hsl7,2018-10-12 00:40:57
48,2,1,msmithe1b,drYFZJpLjO,2019-03-27 23:40:51
49,2,2,tcurd1c,nCed9LenTf7,2018-07-09 06:24:24
50,2,1,croscher1d,TKZdzUD7xl,2019-02-06 10:38:01
51,2,2,dcheves1e,aEzY00Z36i,2019-05-07 23:31:41
52,3,2,gisakovitch1f,5KBv9NYqF,2018-06-22 00:39:47
53,3,2,ckernan1g,sipZIYKdVgaR,2018-10-12 12:25:31
54,2,1,drayworth1h,PPBJeQ45,2019-01-18 15:14:59
55,2,1,hlauga1i,Hq1XoOkEe,2018-08-14 06:00:14
56,2,1,rfantone1j,HEYAXhwDz,2019-01-31 08:31:52
57,2,2,sbierman1k,J4puenpUbCic,2019-03-19 08:45:37
58,3,2,edyet1l,KBSvTdKtD,2018-06-23 20:02:59
59,3,2,avokes1m,dbUULYehzBGP,2019-04-13 03:27:16
60,3,2,sstainer1n,ojwXvCLGL,2019-03-30 11:11:18
61,3,1,rtwells1o,cdJroLeW1Hq,2018-08-22 17:15:12
62,3,1,ibruckner1p,SQFJ3xe,2019-04-23 18:17:31
63,3,2,jcote1q,pj4fOwm,2019-03-09 02:38:13
64,3,1,cfessler1r,aajyGBdCO,2018-11-27 22:29:42
65,2,2,khayer1s,YazrTuXh,2018-09-10 16:47:29
66,2,2,myo1t,qnSz7vCWf,2018-10-26 01:33:14
67,3,1,tmazzilli1u,fWgU2a,2019-05-31 07:30:12
68,3,2,gpetrashov1v,ls3xJD5fU,2018-08-05 13:16:41
69,2,2,zduchan1w,NB9zWel,2018-06-23 13:25:59
70,3,1,mdashkovich1x,4QDsoQJ,2019-01-16 13:54:18
71,3,2,bmordin1y,mrwoHUGALWVE,2019-05-13 09:05:51
72,2,1,fdemichetti1z,bY3y2hV,2019-04-18 14:56:39
73,2,1,mgater20,rVOf4ew,2019-03-17 23:13:53
74,2,1,iluno21,MUfHd64,2018-09-02 11:34:53
75,2,2,malans22,HjBDWE,2018-08-03 17:10:20
76,2,2,nabramowitz23,0mtW6zx,2018-09-22 19:51:46
77,2,2,lstackbridge24,NXlenIW,2019-05-31 18:40:52
78,2,2,lmcilvaney25,AVq2l2R,2018-10-04 14:40:12
79,3,1,hbickerstaff26,geBBk661,2018-08-26 21:27:52
80,3,1,wtredgold27,zOMP8vZ6VPT,2018-12-30 16:31:50
81,3,1,etite28,3gL5vEX6,2018-08-02 06:01:19
82,2,2,lubee29,Sv2xt0160,2018-10-30 16:06:38
83,3,1,pvanleeuwen2a,DHJX0Mslas6,2018-10-13 01:00:09
84,3,1,alingfoot2b,xWiVPJ2,2019-01-17 12:41:07
85,2,1,btidgewell2c,nMiklB,2018-06-27 03:03:17
86,2,2,oibell2d,mXhHHLZWt7,2018-10-13 20:29:15
87,3,1,pkyteley2e,wdwBIbEc,2018-06-17 09:21:34
88,2,1,pramlot2f,DqzIJ1F,2019-01-08 07:39:55
89,2,2,abruhnke2g,fd2IVyVPMG,2019-03-24 17:39:31
90,2,1,mmaple2h,AibN0HIPlcc,2018-08-20 23:15:55
91,2,1,cmeneo2i,baVwBrTK8A3C,2018-09-02 14:53:38
92,3,1,abeedle2j,c5uMQ5Oydc3,2019-05-20 05:42:43
93,3,2,sgimblet2k,YqW8RSz,2018-07-29 06:03:46
94,3,2,llukasen2l,8Qf24Kpzp,2018-08-19 20:23:37
95,2,2,mbrangan2m,RRkCZm3,2018-06-10 00:32:51
96,3,2,jkeelinge2n,ygVCJU8q,2018-08-10 10:46:10
97,2,1,rpeplow2o,NL3qW2UkL3,2019-03-24 11:08:35
98,2,2,lmacard2p,JBy9vhy9,2018-07-31 07:42:11
99,2,1,apitson2q,VSywCxZ8Z,2018-11-08 00:43:12
100,2,2,bgheerhaert2r,irunogBVvMjK,2018-07-17 01:25:35
101,2,1,eduiged2s,aq8R79f,2018-12-22 12:56:46
102,2,2,mspurdon2t,e2NgxGNeL,2018-08-10 00:51:32
103,2,1,tmcmenamy2u,fC9jV4Mh,2018-12-04 20:01:53
104,2,1,paizikovitch2v,EObraMM3zVi,2019-03-11 21:26:12
105,2,1,gion2w,kgxNYLF,2019-04-19 06:04:30
106,2,2,wjiri2x,3qTkuT1QO,2018-08-20 00:03:33
107,3,1,ahurne2y,weDNxQbRLZ,2018-07-07 10:03:29
108,3,1,dlightbourne2z,TXQ5c8y,2019-05-14 07:57:02
109,2,1,jdews30,MSLjpxBMfZT,2018-12-08 15:30:47
110,2,2,akneaphsey31,VO4mzrkjRSIR,2019-03-05 07:46:18
111,2,2,oyouson32,qfclAyEQ,2018-10-13 09:40:23
112,3,2,cdossit33,Qf6ASlK,2018-07-04 08:25:29
113,3,2,dbrockbank34,wSzTLgDk86Z,2018-11-10 04:50:50
114,2,2,stunesi35,o9UcNJ84L,2018-08-17 11:29:34
115,2,1,lizhakov36,KZyVvkN,2018-08-06 23:43:50
116,2,2,rbrands37,qrqnF5k3XMMv,2019-02-03 18:26:50
117,3,2,hshimuk38,L3wDLDG,2018-08-07 23:46:55
118,3,1,eforgie39,TMoSF5zbJL,2018-06-29 07:44:28
119,2,2,sorrey3a,azuPbjI6,2019-02-09 14:47:48
120,3,2,mtourne3b,eEhYw5IIT,2018-11-09 22:23:36
121,3,2,kbabbage3c,8v1Wy4C8,2018-07-06 11:26:09
122,3,2,aservis3d,tinQhBM,2018-10-26 02:36:52
123,3,1,asimka3e,eMScuF,2019-01-23 16:38:43
124,3,2,kropp3f,EUDh1y0VEq,2019-03-11 00:12:08
125,2,1,jpautot3g,71XtSBF4SZQ,2018-08-30 00:18:49
126,2,2,abindon3h,TEpESKgd4ZUU,2019-04-27 13:13:46
127,3,1,ndollimore3i,irxWyFZ,2019-05-16 09:12:18
128,2,2,rmckinnell3j,Q0svqthNH3,2019-02-09 09:38:55
129,2,1,mschinetti3k,QlB4ROwyK,2019-05-06 14:33:31
130,3,2,dbrookes3l,695nt5j5IEN,2018-08-04 21:36:42
131,2,2,pgeleman3m,XWYJiZTwKlvM,2018-07-16 17:38:30
132,3,2,hpalay3n,xUuRhsSYU,2018-08-11 08:50:24
133,3,2,cgilardi3o,PdEjW0a,2019-03-16 18:56:29
134,3,2,lmollene3p,bF3Ew8np,2018-08-03 05:44:01
135,3,1,ldumini3q,ljeY8k3,2018-09-23 09:41:47
136,3,1,aprivett3r,xO7TiXzP4,2018-12-20 23:42:59
137,3,2,rfogel3s,Ozj1Lyj,2019-01-27 01:11:13
138,3,2,jantonazzi3t,CnPvFEZzopNF,2019-05-07 15:54:03
139,2,1,tmckeggie3u,uPEWHb,2018-12-21 02:06:00
140,3,1,gskelton3v,8oVGX2fXZS1,2019-02-11 00:24:43
141,3,2,calway3w,XKM0lQixhbm,2019-02-01 23:28:35
142,3,2,kchaudron3x,XwZyjojk,2018-08-07 22:10:33
143,2,2,rlittleover3y,rsb257,2018-06-03 18:33:30
144,2,1,lconstant3z,iWF4yRlRu,2018-06-20 09:07:28
145,2,1,wfishleigh40,6tBlCOUsIs,2018-10-26 13:36:46
146,3,1,lneilly41,4MvxDvRl,2019-04-17 02:41:45
147,3,2,sclissold42,TbsBUpon,2018-08-02 12:52:43
148,2,2,achesnay43,dsOLcmJ,2019-02-05 07:04:48
149,3,2,hkrysztowczyk44,3OPLVnFrdn,2019-02-13 05:02:40
150,3,1,iwooff45,5kJRlLak0Q,2018-06-23 19:37:23
151,2,1,zmularkey46,m3PSqVOU4e,2018-09-06 17:31:02
152,3,1,jheustace47,ooana208Hu,2018-07-12 02:14:59
153,3,1,bwateridge48,DhIgDJ,2018-07-06 11:23:43
154,3,1,agarlett49,4W6Bw5bjY,2019-03-04 18:08:20
155,3,2,gatwater4a,4xecJFY9mRM,2018-06-02 11:50:58
156,3,1,msherborn4b,o0aqHbTw,2018-09-03 04:03:45
157,2,2,hstrewther4c,uo1BpsRphm,2018-06-09 19:38:44
158,3,1,dshowell4d,umCmiwf,2018-11-12 17:52:01
159,3,2,croycroft4e,o1N295yM1,2019-02-01 12:10:36
160,2,1,sivanishin4f,CFjbf0P,2018-10-20 20:35:28
161,3,2,bmcduffy4g,dR6p3cv,2018-10-09 17:32:24
162,3,2,cpigford4h,NRFgrauAvXv,2018-10-17 21:34:21
163,3,1,adenormanville4i,Tz9t36Ax0Bc,2018-11-18 06:40:38
164,2,1,sbrierton4j,GrQagYjEj,2018-11-20 09:06:42
165,3,2,nburlingham4k,B9IzZF,2019-03-11 14:24:23
166,2,1,thedger4l,yAm2ptClxdM,2018-06-22 20:49:30
167,3,2,bbevis4m,v7J4zLo,2019-03-10 12:43:30
168,2,2,rsemon4n,nd8yxXVy,2018-06-13 11:06:33
169,3,2,hhugin4o,SPiGdk,2018-12-26 19:26:38
170,3,1,lsimson4p,w28VChUCWW,2018-08-26 07:58:21
171,2,1,cdowles4q,YZetLsLLEBGf,2018-11-14 05:22:45
172,3,1,jpargent4r,JMd7wbd,2019-04-16 23:49:17
173,3,2,lcluley4s,Q8zhGNf,2018-11-11 12:44:04
174,3,2,ldombrell4t,Boouqt9,2019-05-29 02:45:23
175,3,2,gshawley4u,AzXT6z2,2019-02-04 14:31:11
176,2,2,gorring4v,D94Exqd7D,2018-12-10 01:20:05
177,3,1,cgecks4w,HteM8ZRtodb,2018-07-18 07:44:43
178,2,2,glampel4x,3gYuCVK2WLII,2018-10-09 23:07:18
179,3,2,cfanner4y,lg6kY4,2019-03-30 06:19:51
180,3,1,tbrandt4z,XABnMpK,2018-09-16 03:18:36
181,2,1,otiffany50,FP1ivkS,2018-09-24 19:51:08
182,2,2,edewer51,8AawNKd,2019-05-05 01:54:05
183,3,1,aomullane52,sGvGqpnK2N,2018-08-01 00:32:07
184,3,1,rmillier53,faohAfRd1GpL,2019-02-13 14:59:19
185,3,1,tmcroberts54,PekOUAr,2018-08-23 11:38:58
186,2,2,habramin55,wB6rDJJLPwjC,2019-01-10 13:13:57
187,3,1,kmcgurn56,tZ3Wuyr7,2018-10-29 15:40:21
188,3,2,psarjeant57,nCK8hnaHWWlC,2019-05-17 16:23:41
189,3,2,rbrunker58,6van2MHoKdwB,2019-02-12 18:36:45
190,3,1,rhousbey59,FlXyowlIQ,2018-06-06 01:55:21
191,2,2,bfrisch5a,o7dFfS0,2019-03-23 01:56:17
192,2,2,cdevanney5b,xUTWhv7d,2019-01-20 10:45:07
193,2,1,rhonnan5c,CsPfEv6o,2019-05-06 00:58:19
194,2,2,mmcelwee5d,Iu1nFlQN5ImS,2018-06-09 21:27:53
195,3,2,scarnson5e,6y4crCRuxmAH,2019-04-18 02:43:35
196,3,2,mdallywater5f,hC7LsrgTbJCr,2019-03-08 08:34:42
197,3,1,bpinney5g,b2HhRoqrO1,2018-06-17 20:05:57
198,3,2,ghallgarth5h,hWH01ECfP5F,2018-11-29 13:58:05
199,3,2,ipriddis5i,rmBtpg,2019-03-01 12:51:01
200,3,1,mbirkenhead5j,YD0sPcMp3Zwv,2018-09-24 05:52:18
201,3,1,npaynton5k,PMcrBrosS3nv,2018-09-02 08:18:26
202,2,1,mfonzone5l,HfSwkGk00D,2018-10-29 10:29:44
203,3,1,nduplain5m,dyvDdryF2d,2018-11-10 08:47:22
204,3,1,gcasley5n,EQvJezakQzG,2018-08-23 01:48:00
205,2,1,mpaeckmeyer5o,TltNeySlw,2019-05-12 19:52:30
206,3,1,glohmeyer5p,fJ692zZJe4L,2019-02-16 15:08:25
207,3,1,jhurtado5q,lg3dQnEBoJl,2018-10-05 21:10:48
208,3,2,abeebee5r,90wBP5OlN,2018-10-20 07:03:18
209,2,2,lantley5s,RBDrrab,2018-07-31 06:38:16
210,2,2,cperton5t,R8xqCHkcejU,2018-08-07 14:13:01
211,2,2,vcarrington5u,O14gH7MF,2018-12-11 14:34:23
212,3,1,dgiorgi5v,eLcaeor6Op,2019-02-15 16:15:08
213,3,2,emortimer5w,vn2xRx,2018-08-16 16:17:41
214,2,2,cmuzzini5x,HY0HVlm6eB0,2019-04-28 00:58:41
215,2,1,aderuggiero5y,EuklA0WKuXx,2018-11-01 09:19:27
216,3,2,ahellicar5z,mkZwwQW,2019-01-08 22:55:07
217,2,1,dswapp60,MfMIGxJlh,2019-03-17 05:45:57
218,2,2,mflooks61,BnZd928eaTF,2019-06-01 01:05:44
219,3,1,edeaconson62,NEJJgEiVW,2018-06-12 00:22:21
220,2,2,missett63,IPZznl4U,2018-11-13 04:33:39
221,2,1,bpearcehouse64,jLSkM2F,2019-02-10 14:36:56
222,2,2,easling65,HL9lYbdwzHz3,2018-08-01 02:27:41
223,2,2,droche66,fVc6pdzzZedO,2018-07-20 16:46:53
224,3,2,ekillgus67,ywOFb9mgiP3X,2018-12-11 05:31:43
225,3,2,nconnolly68,ZKtKKyS2,2018-11-19 01:58:14
226,2,1,ccarrier69,rWNh71b,2018-11-19 09:47:11
227,3,2,lhaggerwood6a,XSnaqr70T,2018-11-07 14:22:21
228,3,2,ngoeff6b,yTKNzj4gva,2019-03-12 07:30:45
229,3,1,uvonnassau6c,Mvenz05ui,2019-01-23 01:50:40
230,2,2,bedworthye6d,CyxHWPmN,2018-08-13 15:58:48
231,3,1,mbirchenough6e,cjFiYBDGZ,2019-02-07 01:01:11
232,2,2,awillacot6f,0W4VDhZn7,2018-07-26 16:34:25
233,3,1,mlathee6g,k77YLQ,2018-06-22 07:43:52
234,3,2,bfollet6h,6mj1rOGnJ,2019-05-15 19:15:40
235,3,2,gbushen6i,lVdIMZO,2019-04-03 04:38:35
236,2,1,mnys6j,kD2REgh,2018-09-06 10:55:10
237,3,2,ndeverson6k,uKQE4N6d,2018-10-15 16:01:15
238,3,1,pwilkie6l,JA9nmt,2019-04-09 05:19:19
239,3,1,tbiagini6m,1BYVAiI3,2019-03-22 18:21:50
240,3,2,mlockyer6n,Sq3sDW,2018-12-13 09:07:19
241,2,2,bferneley6o,EIGd3dBwG,2018-11-06 05:04:03
242,2,1,tfarquharson6p,HRQ9immacaL,2019-03-17 01:40:35
243,2,2,mgentner6q,L6Ru0iqr6I,2019-02-23 06:33:50
244,3,2,egribbon6r,07t3ZM49Kllm,2019-04-26 03:41:55
245,2,2,npynner6s,PNxsYqW,2018-10-02 22:08:46
246,3,2,dcorking6t,FL4vYuE1Cd,2018-06-24 21:33:01
247,3,2,ldermot6u,n1M25A,2018-07-03 09:36:56
248,3,2,aseymark6v,3p5zVcd,2019-04-29 01:23:08
249,3,1,lminchell6w,SOUHVg,2019-03-17 10:49:00
250,3,1,cburburough6x,PvOkh4,2019-05-09 20:10:40
251,2,2,gparamor6y,CTS3ha,2018-10-19 08:16:56
252,2,2,cpratten6z,WsCwMqDsbb3V,2018-08-19 13:26:44
253,2,1,jmccray70,SEHQnzuuW,2018-10-20 10:09:16
254,2,2,frosingdall71,jIijx5yv76rw,2018-10-24 18:17:45
255,3,1,ihacking72,ZQN81Ro,2018-10-27 07:58:08
256,2,1,aluckey73,wX1QgNOD53Vl,2018-10-24 05:20:56
257,2,1,ccorsan74,fXM379Phov5,2019-03-25 23:13:49
258,2,2,stanswell75,izeFoN7YWgtC,2018-12-15 21:26:03
259,3,1,shug76,GPxQw0yrM2,2018-12-31 23:40:06
260,3,1,hdurgan77,CpfY1C,2018-10-28 05:02:44
261,2,2,cbrunger78,iJJkVWWd2qmA,2019-01-28 23:08:11
262,3,1,klovie79,LVWCNw,2019-04-07 12:39:27
263,3,2,eforten7a,V6li3f0Vk,2018-12-21 22:18:40
264,3,2,rberan7b,NjbGvoW6,2019-01-08 18:16:29
265,3,1,cdugall7c,rAiHUQ,2018-12-24 01:02:08
266,2,1,emioni7d,rB0lSo,2019-01-21 07:34:12
267,3,1,orichardes7e,d6L6QHcp,2019-01-01 10:10:15
268,2,2,eoregan7f,0zniLE,2019-05-12 23:34:53
269,3,1,lrisbie7g,Uee7U8ieT,2018-07-18 21:11:23
270,3,2,lwordington7h,pL1E4m,2019-03-04 18:24:39
271,3,1,hfibbit7i,DtZGCr0UtRQ8,2018-06-22 02:16:44
272,3,2,fandriuzzi7j,kp4Qwy8cD,2018-07-14 01:56:13
273,3,1,lkalaher7k,GJCbjA,2018-07-12 06:54:04
274,2,2,hfolini7l,UeChOj3I,2018-11-30 00:06:06
275,3,2,tgostall7m,tyJ3hp,2018-09-07 16:23:12
276,2,2,mcobbald7n,kpYzA979g,2018-12-11 16:00:03
277,3,1,slaste7o,PlMv2r,2019-05-31 22:24:45
278,2,1,damsberger7p,liw18ZStrNz,2018-07-14 15:48:08
279,3,2,dvala7q,ukJXyL8sNV,2018-10-08 14:53:36
280,3,1,vgerhartz7r,nv86nr8c,2019-01-13 05:47:33
281,3,2,ssprackling7s,7ktv7oCxkwr6,2018-10-12 01:46:38
282,2,1,galgar7t,2rJZ463ln,2018-10-21 17:14:42
283,2,2,bmannering7u,yV8iRJ,2019-03-21 16:54:34
284,2,1,dtissier7v,LActirs,2018-09-26 21:42:49
285,3,2,wglasson7w,sc04V6TRM,2018-09-18 04:52:36
286,3,2,mgorini7x,zTgmnXooik,2019-03-12 18:51:00
287,3,2,doxer7y,FVaIJC,2018-06-12 13:12:46
288,3,1,cmendel7z,YLjA0151,2018-12-16 23:28:09
289,2,2,czipsell80,lAKy1Uj0QvX,2019-05-10 11:07:11
290,2,2,bspalding81,GaFvE7KAKh,2019-02-05 09:04:25
291,3,2,agimeno82,iLA3El5IGYw,2018-07-09 22:36:32
292,2,1,lknath83,KtKoL3l7ZXne,2018-11-14 16:51:07
293,2,2,jguslon84,fndJ2SGxxEqE,2018-12-04 16:48:17
294,3,2,srobertshaw85,JH3CkJrZSyjX,2019-04-30 07:15:57
295,2,1,bkingscote86,4gxQsLL,2018-06-28 02:49:34
296,2,2,horrock87,sOgqIX0e,2019-03-21 14:24:49
297,2,2,tmacellar88,jL7tXk,2018-08-11 02:13:13
298,3,2,owarkup89,DYxggHhZ,2019-06-01 06:18:17
299,3,1,gbucknell8a,kY75xiouXF,2019-02-18 23:58:40
300,3,2,zpotteril8b,qchkHrCc,2018-11-06 23:48:35
301,3,2,tchisholm8c,nMBohe7Bb,2018-12-28 10:16:53
302,3,1,amulran8d,6A5PjC8K,2019-01-24 07:22:18
303,2,2,rlinforth8e,sTOIP2r6,2019-02-24 23:04:59
304,3,2,mbowland8f,RR3Gpoz2XQu,2018-10-03 20:51:58
305,2,2,jwestney8g,3dCRQPL54I5N,2018-10-28 09:22:46
306,3,1,dduchatel8h,jfoZ7E9E2lj3,2019-05-22 13:36:33
307,3,2,mdenerley8i,SnmO01ZjR4v,2019-01-13 13:54:28
308,3,1,pelliker8j,fbDudlK,2019-01-29 16:17:21
309,3,2,mphilpot8k,dV8HNONDW,2019-05-02 09:56:45
310,2,2,abeaver8l,bBh2gXBRCjy,2019-01-11 16:39:02
311,3,1,ksuch8m,SDnxpCYn,2019-02-18 18:51:06
312,3,1,bsawer8n,ZAPCxeuRG2d,2018-12-15 05:36:19
313,2,2,hsundin8o,42nOYqzlMG8,2018-12-16 00:07:42
314,3,1,jcattow8p,5gFUxs02LFQU,2019-03-09 14:53:12
315,3,2,vgisbye8q,OAbcWcCC4,2018-11-10 10:40:35
316,2,2,kmaccathay8r,h6wfYvT6Rd,2019-05-07 20:57:55
317,3,2,dnestor8s,W6fpLHzZ,2019-05-07 05:16:23
318,2,2,glavrinov8t,WPLMjl,2018-06-02 18:18:58
319,3,2,gprigg8u,V3SXSMsn,2018-07-31 06:25:36
320,2,2,slark8v,zbngclw4V6o,2018-10-16 09:36:18
321,2,2,vkenna8w,xwoK6YMhgvVy,2018-09-27 01:00:11
322,3,2,earnholdt8x,y02E6eu1Tpq,2018-08-07 14:18:13
323,2,2,rmielnik8y,0TrR8qiiE,2018-10-31 11:42:17
324,2,1,usaket8z,lnt29OHz,2018-10-24 22:05:00
325,2,1,tmindenhall90,Mc0kzX,2018-09-07 20:13:32
326,3,1,aboyton91,DGtblzk7n,2018-12-10 11:56:58
327,2,1,urollo92,1qY0FsNjT1Xc,2019-04-28 09:04:40
328,2,2,mhalpin93,zLfSZPjgC3,2019-04-08 09:48:00
329,2,2,fcoyish94,iCCFzpZ4,2018-06-22 21:32:56
330,3,2,adenmead95,dQXKI7LHpC,2018-09-14 14:46:01
331,2,2,fclaibourn96,a57Xu8FXFZbp,2018-12-10 08:47:58
332,3,1,mcoulling97,ozfzaiUGMu33,2019-05-05 19:58:24
333,2,2,kivery98,OSy1AC8JwBhr,2019-05-30 05:48:34
334,3,1,pmacgee99,fx5ABXDN4pt,2019-05-24 16:50:04
335,3,1,llangton9a,DepE00,2018-12-24 23:15:35
336,3,1,jdabbotdoyle9b,E3ZD9FKyfhL,2018-12-19 19:19:15
337,2,1,hlinn9c,QEeaXFRkN,2018-12-01 23:43:06
338,2,1,gdullard9d,VLuBnA,2019-02-18 19:31:02
339,2,2,dfake9e,2PEjKAlG6V,2019-03-23 03:56:58
340,3,2,qprator9f,UpsniWPn735N,2018-12-21 03:59:54
341,2,1,pkoppelmann9g,OvbO1eAE3T,2018-12-31 00:32:07
342,2,2,njoyce9h,MZsNTDRIYyT,2019-05-31 15:12:56
343,3,1,hpunyer9i,OOXx6pj,2019-03-05 05:34:38
344,3,2,ltobin9j,wPQpNqVRh,2018-11-28 17:49:40
345,2,2,rmckomb9k,I45m7mSl8Wyw,2018-09-06 17:42:48
346,2,1,vstonner9l,JVtKAkEOGpLQ,2019-05-23 12:50:25
347,2,2,hcourtney9m,4BoAuGtPL,2019-01-24 16:36:38
348,3,2,fshipton9n,EwY1rLq,2019-03-12 16:44:51
349,2,1,gbrennen9o,FT7sRnXYK,2018-12-22 19:39:07
350,3,2,dhedaux9p,QlhB4f,2018-10-14 11:38:23
351,3,1,amitrovic9q,xXsmZXTGu,2019-02-22 04:04:18
352,2,2,mwinsome9r,gbwHo4iC0A55,2018-06-20 20:46:28
353,2,1,awafer9s,fmSRYcqm,2018-12-16 17:10:49
354,2,2,sgrivori9t,HoyDL7EJpHl,2018-07-04 09:04:37
355,2,1,scostard9u,gahSmUBnp,2018-12-17 17:05:29
356,3,1,aolliffe9v,kUzpmBb,2018-08-08 09:09:51
357,3,2,dpelosi9w,Hk2KrdsB9owR,2019-01-27 19:50:08
358,3,1,sgounot9x,LzGkcE3Mz5,2018-11-17 08:17:45
359,3,1,ahuglin9y,D1XqcAlYD,2019-03-14 05:04:42
360,2,1,ssouthern9z,JIZxvDDx,2019-05-21 18:40:04
361,2,2,nleitchea0,ueYqIY2,2019-04-21 02:26:19
362,2,1,ncasollaa1,v9aYn7,2019-03-25 01:24:47
363,3,1,cbescobya2,HqO8OAIqXB,2018-11-01 07:44:15
364,2,2,ihedylstonea3,dqSUlep8,2019-03-09 19:12:58
365,2,1,llejeunea4,G51617y,2019-05-04 15:19:49
366,3,2,cdobrovskya5,dqYyG6q,2019-05-26 22:21:44
367,3,1,vfrarya6,3HFyb0WnkIp,2018-06-11 22:45:11
368,2,1,gmumbeya7,TGj0E8HEeOL,2018-11-14 15:53:13
369,3,1,cmcgonaglea8,Uxz1gc9,2019-03-18 08:19:08
370,2,1,sgotlinga9,b8WytZ,2018-11-12 18:23:39
371,3,1,sduberyaa,2XL0QW,2018-09-30 00:03:23
372,2,1,dgarthab,09Kdy2f5,2018-11-17 14:12:02
373,3,2,hjeffressac,cSpEINjvmcd,2019-01-02 07:56:48
374,2,1,hcasselsad,H3GWZk,2019-04-04 07:53:46
375,3,1,frodolpheae,ozTOwwM4uS6,2019-04-08 04:27:00
376,2,2,akernaraf,y6Dt0b,2019-06-01 16:25:45
377,2,2,krazouxag,55XPglvdp9,2019-05-02 08:05:59
378,3,2,tgooderickah,2lRN76bDbI,2019-04-15 04:02:49
379,3,2,fbrobakai,ZbtDKXfkDcY,2019-04-15 18:40:22
380,3,2,phargrovesaj,igWM6szjNts,2018-07-10 14:05:15
381,3,1,dizacenkoak,VuSzMJJVptm,2019-05-17 18:42:21
382,3,2,fgermaineal,Fx5YCq,2019-03-09 20:57:42
383,3,1,ewordsleyam,Nv2YVZHr,2018-08-03 16:20:36
384,3,2,owaycottan,uPdX7nWZHA,2019-03-12 02:51:30
385,3,2,gkaretao,pGUq9cWW,2019-05-19 22:20:31
386,2,2,crivettap,Kbk8xdStGioX,2018-07-12 04:51:51
387,3,2,itarquiniaq,mAesZRH4m99,2019-04-10 01:35:42
388,3,2,tvalentinear,ckUspjEO,2019-03-21 13:44:01
389,3,2,sbudgeyas,2nA0wdoY4TV,2018-10-30 21:57:54
390,2,1,ediganat,3wz07y1RvKF3,2019-04-11 11:57:01
391,3,2,cyexleyau,8TuPod,2018-10-06 21:44:17
392,2,2,ftiltmanav,9rDaH8gp6nm,2018-09-24 00:29:56
393,3,2,cschultzeaw,azgiKgzDI6r,2018-12-02 09:56:09
394,2,2,swhitleyax,OLhwb4srEwiM,2018-11-20 19:33:18
395,2,2,cpaudinay,mkmxY4dn,2019-03-07 13:10:53
396,3,1,emacfieaz,V9DMKsi2a,2018-08-12 22:08:19
397,3,1,bszymanskib0,csgv9wF,2018-07-07 22:12:23
398,2,2,wanstieb1,IWMfW0A,2019-04-27 02:33:18
399,2,1,adevoyb2,dqKxHQ4B,2018-07-20 04:24:58
400,3,1,vpimblettb3,nX8YfQj,2018-06-14 02:04:55
401,2,1,dbluemanb4,W29pi7zWdv,2019-05-31 20:57:50
402,3,2,chaddletonb5,MV2KF4UYxI2e,2018-11-03 19:11:26
403,2,2,vfleemanb6,9RW88H5,2018-11-12 04:19:09
404,3,2,glismoreb7,Xw2FUcx,2019-03-21 09:55:51
405,2,2,tsockellb8,djaFFuRXLV3R,2019-03-19 16:48:39
406,2,2,leylesb9,hFroKM90WdTn,2019-01-23 00:40:34
407,3,2,mzimaba,UN17SQ24,2018-11-10 13:35:02
408,3,2,vlaredbb,05vhJM,2019-03-01 00:29:29
409,3,2,pmcsaulbc,f6jyj1,2019-03-16 23:03:28
410,2,2,ocompfordbd,RSzI7KsBn,2019-02-22 20:19:10
411,2,1,tkylesbe,XuZNMYzt5m,2018-08-31 05:51:27
412,2,1,hdenricobf,MEU4NdFsG5Md,2018-11-29 21:32:08
413,3,1,twalkdenbg,KKavHOy,2018-10-05 16:18:30
414,2,2,prasherbh,EWdLnXWJhR9S,2019-05-27 17:42:32
415,3,2,mchittybi,iJMub01GRYsG,2019-05-26 04:53:59
416,3,1,qcoasterbj,ntPDK5uRDWz,2018-09-24 10:43:26
417,3,2,cstearbk,VTVa7KUw,2019-04-29 04:05:06
418,2,2,mtruelockbl,qrVlJ3,2019-05-18 19:15:23
419,3,2,maloshechkinbm,La5lQ8FV7,2019-03-08 14:42:47
420,2,1,mbeddinbn,67jKouZ,2019-01-30 14:33:53
421,3,1,ldmiterkobo,RnJvXk,2019-03-10 12:54:58
422,2,1,hkerranebp,vUOfmVon6g,2018-12-09 16:27:27
423,3,1,pdochonbq,8nJ9UL,2019-03-13 13:33:58
424,2,1,mlyonsbr,hRnAgl9V,2018-09-11 09:14:56
425,3,1,etanzerbs,IDWZlO0FY,2018-10-23 17:51:32
426,3,1,rmenguybt,HOelBo,2018-07-21 04:02:16
427,2,1,vdellobu,vtpwFFkPtE,2018-10-16 00:03:16
428,3,2,sgarmbv,EDoumY9Xyk3,2019-01-31 06:13:53
429,2,2,adanielybw,J4qAlJ,2018-07-27 23:09:47
430,3,2,mbellobx,8HMVaZ1,2018-06-27 07:34:18
431,3,2,vhadigateby,RsyRhOgQS53C,2018-08-14 23:19:41
432,3,2,dandrzejowskibz,Zym5AA,2018-06-05 06:16:13
433,3,2,clifec0,S9fxapcxktvp,2019-02-12 13:48:21
434,2,2,bdadyc1,bvAyxQj0b,2018-07-12 15:36:13
435,3,2,jbissettc2,heN75cw0,2019-02-01 09:42:20
436,3,2,fburlingamec3,e4aOlSlN,2018-06-08 04:45:23
437,2,2,tzanicchellic4,GnuXjJ,2019-05-15 06:16:15
438,2,2,cfyfieldc5,gpHOAN7GB5d,2019-01-12 01:52:39
439,2,1,bscapensc6,wpMGvTCwGEE,2019-05-13 00:15:43
440,3,1,sgrzeszczakc7,vepI5nwf9A,2019-05-05 13:45:02
441,2,2,aolynnc8,yXUtYjl,2018-07-26 08:20:17
442,2,1,mformoyc9,TbMmxaaCgBh2,2018-07-21 09:30:19
443,2,1,jmccoyca,GqyMBEGc,2018-07-11 09:00:09
444,3,1,hmcsperrincb,wWYZtZ5,2019-01-04 01:15:39
445,2,1,imckinnoncc,ns6QGPu,2018-11-09 19:50:13
446,3,1,bclaydoncd,gwH0dtYkQLq,2019-04-03 20:13:26
447,3,1,nstarkce,4z6Yn9jDnqsE,2019-03-27 06:03:33
448,3,2,cstitfallcf,4Wx9UXt,2019-04-24 02:21:35
449,3,1,nlegoodcg,77Njasgo,2018-09-18 06:19:24
450,3,2,tbindench,uPsFf21BQy,2018-10-08 18:05:31
451,2,2,jyushmanovci,4iNzquW,2019-03-28 07:10:59
452,2,2,mwarykcj,VuppWfxFRoM,2019-05-30 21:22:16
453,2,2,ncrosgroveck,8ZjyalePg,2019-05-10 11:28:00
454,3,1,farguecl,aOxjD8eWC,2018-08-19 10:04:46
455,2,2,lspurgeoncm,3O51IuAwWT,2018-07-18 13:58:21
456,2,2,cmongercn,j6lXlFq,2018-07-22 02:36:39
457,2,1,lphizacleaco,afASC5H0B7V,2018-10-18 16:52:50
458,3,1,hellscp,uOZ9SSUe,2018-09-05 13:52:20
459,3,1,keblecq,wC08kStJ7,2019-02-20 11:15:19
460,3,2,alampkecr,ar4UnmDt,2018-12-07 00:16:18
461,2,1,ajacquemecs,Q1gN7G,2018-08-10 15:13:25
462,3,2,gchallissct,nTMVdr1cluEX,2019-03-25 11:32:51
463,3,2,srodolficu,2axQwMd,2018-08-30 23:14:24
464,2,2,fbraithwaitecv,ayEGfxWS,2019-05-10 23:55:17
465,2,2,doboycw,dUua2Gx3,2019-03-28 22:39:23
466,3,2,jkilleencx,RNk0WDeQ2ZW,2018-09-22 13:43:06
467,2,1,mfowdency,jXpcgDAgGtm,2019-01-16 11:37:33
468,2,1,fadlingtoncz,V3BJUZT50zYx,2018-07-14 01:34:26
469,3,1,jbirreld0,WQS6fN5,2018-10-04 23:11:41
470,2,2,tcudded1,r1fmMoHccUR,2019-05-28 00:06:54
471,2,1,jmanuellid2,4cP8jvPR4jq,2018-08-16 09:33:39
472,2,2,scroalld3,My3qoRE,2018-09-02 07:04:15
473,3,1,uaronind4,uIGYzlmy,2019-05-17 22:27:57
474,2,1,hphetteplaced5,CoHYKTak,2019-01-08 09:36:55
475,2,2,dbettesond6,KRkxczu,2018-10-12 03:35:35
476,2,2,tyoudelld7,RgHCou,2018-08-17 14:37:10
477,3,2,cgibbettsd8,1J58NchKSl7R,2018-11-06 10:03:54
478,3,1,bmulvihilld9,K7LUMwRToY,2018-07-09 21:58:11
479,3,2,csattinda,hm3NS01N,2019-03-25 20:20:53
480,3,1,alicciardiellodb,CxuXhorRy,2018-06-29 03:29:15
481,3,2,tashborndc,2GUADPC,2018-08-29 00:48:58
482,2,2,gnassidd,KMf265UZc,2019-01-30 11:22:46
483,3,1,rmacmickande,spG33LPXNjI1,2019-04-08 14:14:48
484,3,2,banselmdf,kuu7Hju0T8Z,2019-03-08 21:55:54
485,2,2,mpepperelldg,AfXWaG,2019-03-30 16:11:04
486,2,2,roliffdh,nunHAMwd,2018-07-31 06:09:00
487,3,1,sdellenbrokerdi,FmydFldwK3aE,2018-10-02 22:36:22
488,3,2,hgarthdj,m4pXjvz,2018-11-29 17:07:55
489,2,2,glardezdk,3OJ6Ruv2Xg0,2019-05-28 18:36:19
490,2,2,abeacroftdl,mFhILYm,2019-05-27 19:27:56
491,3,2,aharringtondm,tbpYmq,2019-01-24 19:54:56
492,3,2,aescaladn,g745kir2,2018-12-31 05:31:11
493,2,1,coconnelldo,msFDqaOMR,2018-09-05 00:59:26
494,3,2,qpontendp,2U1sqYr3N,2019-01-06 01:27:37
495,2,2,nmallabunddq,m3WaKSX0CWG,2019-03-05 21:38:25
496,3,2,sbesterdr,KsPnzaNZh,2019-02-13 03:49:15
497,3,2,clenehamds,C3Akcc,2018-11-01 21:06:21
498,3,1,jarthydt,ARlcbSycr,2018-10-22 20:00:51
499,3,2,mthomazindu,Wolxz5rq,2019-02-23 17:12:25
500,3,2,jbabinskidv,95GWNKJS,2018-09-19 15:52:52
501,2,1,rpigforddw,57LuGBe,2018-07-22 23:27:43
502,2,2,afairhurstdx,mYe4gxAn,2018-06-04 19:51:07
503,3,1,meveristdy,jUbAbwqj,2019-02-07 11:19:23
504,3,2,gpudgedz,KCNtUJPR1Ely,2019-02-21 08:23:54
505,3,2,mshillome0,QivOgWm9W3,2018-11-18 20:06:34
506,2,1,vcrothere1,H2N4bHVUZo58,2019-04-24 02:10:56
507,3,2,vcunnanee2,9vbyTY0P,2019-02-01 12:44:19
508,3,1,rkitchingmane3,L4YkMr39wv1d,2019-04-10 02:15:35
509,3,1,tgarwelle4,921XqPpp,2018-11-21 21:52:05
510,2,2,pmichele5,Jc2Se4,2018-09-24 03:23:49
511,3,1,hroycrofte6,IJeERgzil,2018-11-29 15:58:47
512,3,2,ctriggole7,U3Pwdw,2019-03-18 17:37:01
513,2,1,phairse8,0YK9cJnahrD,2019-03-18 17:20:17
514,2,1,mcraykere9,OzaoWD0B4Dr,2019-05-03 12:01:11
515,3,1,cturfordea,J27ipsw,2018-11-01 22:54:21
516,3,2,dimlocheb,1UzPNP,2018-09-23 06:27:58
517,2,2,eheeleyec,W3W3Gbv,2018-08-12 14:59:39
518,2,1,lberteleted,LR9j048X,2019-03-14 08:51:55
519,2,2,gsalternee,u861BlSqHFte,2018-12-23 22:09:47
520,3,1,ytimblettef,IeinfDdpDuks,2018-06-16 14:50:01
521,2,1,tmarneyeg,xqR5uAxrE,2018-06-08 13:37:13
522,2,1,rrobardleyeh,l1ewCDCG,2018-12-06 17:19:54
523,2,2,ccannicottei,JktF9qOd,2019-02-24 01:16:08
524,2,2,ihuntarej,ldcnVofsVF,2019-04-28 11:18:51
525,2,2,squintonek,M9caXB,2018-11-12 23:39:15
526,3,1,sreaderel,RVdrGrLEUmVz,2018-11-16 15:58:23
527,2,2,sfaderem,VhDJ1bWset,2019-05-02 12:37:29
528,2,1,cmcarthuren,uLawAJt3yg,2018-10-02 00:38:42
529,3,2,tblandeo,BukCKWqojK,2019-04-16 18:15:23
530,2,2,csquiresep,aHfjwMXkiuR,2019-01-09 00:07:32
531,2,2,mscriptureeq,gPFKiNvjaLbP,2018-07-03 17:48:06
532,3,2,hyakunkiner,kFDMUUgCc,2018-09-11 10:59:05
533,2,1,abrozes,m6zXfW,2018-09-25 20:50:55
534,2,2,mhartzenberget,YhU1tl,2018-07-07 07:42:12
535,3,2,pclemendoteu,6j0rMspe,2018-09-02 07:34:31
536,2,1,cjedrzaszkiewiczev,BHpjlMBQyqd,2018-08-02 04:32:50
537,3,2,kklimukew,uxyVqE,2019-05-12 02:49:09
538,3,1,rscahillex,Fp7mjpnyEmu,2019-01-28 09:00:34
539,3,2,dveldeney,yGOoVaAOHzWv,2019-01-05 13:45:08
540,2,2,nfludgateez,f5CX0k6eVYn,2019-04-17 13:52:49
541,3,1,marmingerf0,08qBGb,2018-07-06 18:25:43
542,2,2,ceglaisef1,i8E2JTbU,2019-05-23 13:36:22
543,3,1,cescotf2,pvwN9m022dnE,2018-10-22 11:32:12
544,2,2,bmcgingf3,dg6p8N,2019-05-18 13:03:33
545,3,2,cfleckneyf4,8pDkxC,2019-02-05 20:16:56
546,3,2,bkulasf5,Yfbo9ecvSa6d,2018-07-03 19:44:02
547,3,2,lmaclaigf6,0Ih7fxt1,2019-03-09 20:31:10
548,2,2,hmidgelyf7,LUJ7DnZnSi28,2019-04-29 11:14:28
549,3,2,skirkebyef8,Sc7zxHjS,2019-02-17 18:09:08
550,2,2,cdignonf9,WNyBkymP,2018-11-15 23:35:14
551,2,1,ntomkissfa,XUYOITHaV45V,2018-12-11 17:59:40
552,2,1,nfallonfb,5k5XrQt,2019-05-22 04:40:34
553,2,1,gdumbeltonfc,bwjOV6d,2018-10-15 09:28:59
554,2,1,csouthousefd,nRtew6LX57C,2018-06-24 12:51:17
555,3,1,aburlfe,EY753ZJjOHG,2018-11-21 09:35:46
556,3,1,opickardff,1Ucs3ko,2019-03-21 03:05:03
557,3,1,aslowcockfg,FH7m7l,2018-07-07 13:28:57
558,3,2,bmcgeefh,EYXtxwP,2018-09-15 07:09:52
559,3,2,mcarrabottfi,YluBsJYfJ,2018-09-18 23:40:22
560,3,1,lconeronfj,0KJz8MHa,2018-06-13 13:12:33
561,2,2,rjennisonfk,LHj0KtMkbgGy,2018-10-09 19:20:06
562,3,2,csherebrookfl,UR1vXro,2019-01-28 17:04:27
563,3,1,lrosenbushfm,I50jrUIzt3JV,2019-02-19 22:21:03
564,3,2,araofn,Z0R8FH7,2019-03-12 21:01:58
565,3,1,scassinfo,aIUqvBvNCCBQ,2018-06-27 09:00:30
566,3,1,dberksfp,FV492Pz35,2018-12-09 10:30:15
567,2,1,pellawayfq,iuv3AOD,2018-09-22 10:28:13
568,3,2,nkorbmakerfr,X0baTO,2019-02-07 04:21:22
569,2,1,vledsonfs,dLjMDf9wvEoP,2018-12-09 07:00:02
570,3,2,cwillmettsft,bhex4V4,2018-08-21 08:43:56
571,3,1,afitchfu,50mNHbZyR,2018-06-13 14:07:44
572,2,1,jbowsherfv,mR9GyGR,2019-04-25 15:48:19
573,3,1,kesbergerfw,ltZkigcx,2018-11-30 12:10:55
574,3,2,bsafontfx,TdeMcplRiHkL,2019-04-10 17:38:15
575,3,2,bsimesfy,hPGaRucD9Bow,2019-01-14 01:04:24
576,3,1,rjervoisfz,liWh5Z38,2018-11-16 00:05:23
577,2,1,mhearnshawg0,hn19FIyNA7GA,2019-05-24 11:47:35
578,2,1,bfellibrandg1,e9K2uAfVQ,2018-06-16 07:06:39
579,2,2,gmclardieg2,Mr9PDPNUL69r,2018-12-29 00:49:32
580,3,1,sluxeng3,zafPYf8lh3G,2018-10-17 02:03:40
581,3,2,sliddelg4,00kf3FLEj8v,2018-08-04 00:43:48
582,2,1,kkibbeeg5,75tyMPnG8ICz,2018-08-19 00:32:00
583,2,2,cjowseyg6,YSKF9e,2018-09-01 08:39:58
584,3,2,cquinnellg7,GFvVMmgWBU,2018-12-04 14:04:17
585,2,2,dgiorgiog8,wLQZVmk,2019-03-19 17:31:19
586,2,1,bvelezg9,tDTghx0vQJ,2018-10-14 14:37:55
587,3,2,bbackhurstga,8esBb3P8,2018-09-14 15:17:11
588,2,2,gphingb,WGjmXwvMloV,2019-01-06 21:28:43
589,2,2,ljonkgc,og3o8F,2019-04-25 00:31:37
590,3,1,cyeldinggd,6302Dl8v,2019-01-26 20:40:38
591,3,1,mbenkoge,OimAfWNWotDE,2018-12-31 16:23:52
592,2,2,mfarriesgf,tZ4IXRaSWaqd,2018-08-08 12:57:02
593,2,2,abottomgg,ki6D3Oi,2018-12-28 20:59:59
594,2,1,cmacgillaverygh,t1xq6dB,2018-12-11 02:44:47
595,2,2,iglisongi,A8REk1d,2018-10-20 02:23:36
596,3,2,waindriugj,vD9KDdc6S,2019-02-14 06:55:35
597,3,2,cbonassgk,9KTDFWGWG,2018-10-05 20:07:42
598,2,1,kaingellgl,Ua9LfxVtx,2018-12-06 22:26:37
599,3,2,dwardlegm,EmtfjPx,2019-03-02 14:37:18
600,3,2,bteersgn,I7iAarG9ZzI,2018-06-17 05:58:37
601,3,1,nballingergo,e3oACxgRnC9Y,2018-10-09 18:26:29
602,3,2,nfollandgp,FhfDFJ03vBh,2018-08-21 04:55:17
603,3,2,wwhistangq,AOULbf,2018-09-13 14:33:40
604,3,1,ldevonportgr,xt2rsSCj,2018-07-23 02:57:46
605,2,2,hmarskellgs,ySzvdo,2019-03-20 21:20:48
606,3,2,jmatiebegt,0YiJFLHgvvC,2018-09-12 12:41:34
607,2,1,athorngu,99BYCqn,2019-01-31 15:00:37
608,3,2,kmordeygv,tOndpDWAA1,2018-06-05 04:43:32
609,2,2,dtitterrellgw,WQF8mwBA,2018-09-28 15:05:53
610,3,2,ctudhopegx,mCPOpHgs6,2018-11-02 15:43:34
611,2,1,amacmanusgy,OgL6dS,2019-03-06 18:25:46
612,2,1,mrissongz,dyDL9cpuUttE,2018-06-11 03:57:49
613,3,1,csimnorh0,3J1Xb0zb,2019-02-01 13:53:13
614,2,2,lunthankh1,0yCz9pyy8W,2018-10-04 01:26:02
615,2,1,cprivosth2,LHP5VGIKisD,2019-05-07 10:11:06
616,2,1,emcclaughlinh3,KBaJeZCYG,2019-02-23 10:41:19
617,3,1,erimellh4,4mXx3qrk,2019-04-11 11:46:28
618,2,2,agibbeh5,JOWsgE,2019-02-15 23:21:44
619,3,2,jnobleh6,uANlu59R,2019-01-28 12:43:36
620,2,1,shuygeh7,BZMsvl,2019-04-10 23:31:15
621,2,1,bdeneh8,yvH95WKB,2018-07-27 16:59:13
622,2,2,inicholsonh9,0EEo7DOx,2019-05-02 12:47:08
623,2,2,hhayshamha,gyJCUKeJ3sK,2019-03-31 08:11:04
624,2,2,mmacaughtriehb,uFZX0ozCmN,2019-02-03 17:35:57
625,3,1,kphilippehc,AvshwwCp3DN,2018-11-23 19:57:59
626,2,2,ctroddhd,01Wmf2dl,2018-09-11 03:49:32
627,3,2,tsmidmoorhe,SGVAshZ,2019-04-19 16:45:42
628,2,1,rkubikhf,PNgO6w,2019-05-05 14:18:24
629,3,1,ugullyhg,RfzP5LMJYWo,2018-10-19 22:02:32
630,3,1,pwildthh,yES0d6ME,2018-07-27 17:07:09
631,3,2,sbaylisshi,US0h1TGh,2018-08-17 03:23:33
632,3,1,kcorbiehj,ipYNhu7,2018-08-13 07:39:29
633,3,1,rwhitingtonhk,a59bGytJ8,2018-09-18 03:24:40
634,3,1,tshalehl,39yKqrHi85Yh,2019-03-14 07:40:48
635,2,2,bhastilowhm,87qgiH1S7,2018-07-22 10:32:14
636,2,1,abiggarhn,qeZXGr9pLFhi,2019-01-19 08:11:31
637,3,1,ajillsho,7KBp6DPZ,2019-01-25 17:02:38
638,2,2,dhackwellhp,JYvE8jEIqlPg,2018-07-09 04:57:33
639,3,2,rcolthq,JoxwsP,2019-05-03 03:25:25
640,3,1,jbiertonhr,0gtj2EO4l,2019-03-11 00:16:25
641,3,2,tstreatherhs,eePuyUx,2018-09-14 12:43:24
642,3,1,sberrickht,tLJssjO8,2018-07-04 08:39:50
643,3,2,hkelleherhu,6KPVhtw2UB,2018-09-17 04:12:17
644,3,2,rstuckehv,91KFsLoO,2018-11-22 06:33:18
645,3,2,sdanskinehw,x8sWe91pzQ,2019-02-11 07:26:45
646,2,2,aradsdalehx,83K0Wd,2018-12-21 05:39:30
647,3,1,lkonzelmannhy,e9uuHocU,2018-08-03 11:26:18
648,3,2,bcrombleholmehz,JAAcaAVVt,2018-09-29 15:03:02
649,2,1,cturneyi0,tKzWzdjnQ,2018-11-17 08:08:35
650,3,2,crosleni1,4kUgKGhc,2019-04-05 14:27:49
651,3,2,jransoni2,rKC2HK,2019-05-23 18:00:25
652,2,2,kmodeni3,vV4hCPd,2019-01-17 08:52:10
653,3,1,agillbardi4,nODDSeg0d,2018-06-09 16:38:43
654,2,2,mmussingtoni5,6wYXdMEkk,2018-07-07 12:16:13
655,2,1,fsommerfeldi6,sLt4eWiW6,2019-03-26 11:23:47
656,2,2,mlukasi7,2MhZ0r,2018-11-24 12:56:21
657,2,2,sepeletti8,LXSmAAXcd,2018-11-24 04:03:00
658,2,2,aoldnalli9,zestXkS05gu,2019-02-13 00:07:37
659,3,1,jwoolvettia,QyqePPK,2019-05-22 06:40:36
660,3,2,gwaightib,XD9yw1Z,2018-09-18 09:00:15
661,2,2,gvuittonic,O9G1YqgC,2018-10-05 20:35:25
662,2,1,atyddid,bFFxC13t,2018-06-14 14:14:55
663,2,1,deggletonie,NklJHja3,2018-06-17 11:41:11
664,2,2,boilierif,qurgq92,2018-07-23 17:21:06
665,2,2,nmcgarveyig,jheqLKiur,2018-09-10 07:30:33
666,2,1,fpaulucciih,1ncutu,2018-08-06 18:14:29
667,3,1,pmeighanii,sQ53mBqBTo,2018-10-03 05:37:05
668,3,1,mbohmanij,Vf3wh64b,2018-11-01 23:00:41
669,3,2,ppharrowik,9FrRXrbLmZE,2019-01-07 18:15:12
670,3,2,ltownleyil,1qeAtQrHX7g,2019-03-08 12:19:02
671,3,1,dleinthallim,KoDzXA9W3b,2018-09-18 08:44:31
672,2,1,bphilcottin,Q43pC0F,2019-05-22 05:36:43
673,3,1,omcginnellio,baBoufh,2019-02-24 15:37:31
674,2,1,alurnerip,6GdDCvXo,2018-08-28 04:50:15
675,3,1,rclayworthiq,Q5SjIEsk,2019-02-12 22:31:11
676,3,2,cmacalasterir,noZ1fr4cPYu1,2018-07-26 07:19:26
677,2,1,hhugginis,GvIs3jLXG9,2019-04-04 19:16:44
678,3,1,alanferit,CoU7H2fBO3k,2019-04-11 16:41:15
679,2,2,kredihalghiu,XGkewYa,2018-08-23 10:25:21
680,2,1,chandsheartiv,lXVYJUv,2019-04-21 19:48:01
681,2,2,dkitchineriw,tjGes2g,2019-04-01 05:12:31
682,2,2,ndanihelix,8z9Q565d,2019-05-23 01:24:33
683,3,2,jpoteiy,KPAlowr,2018-07-02 08:23:15
684,2,1,csiggeryiz,yor6Tf,2019-04-04 05:21:03
685,2,1,mscurlockj0,lVmTD7d,2019-05-19 14:34:33
686,2,2,havisj1,DGGoFT,2019-01-16 01:07:17
687,2,2,mcreanj2,doE5bBJrOH,2018-08-15 15:34:37
688,2,1,xflaubertj3,sQoGQ7QU,2019-04-24 19:12:46
689,2,2,lmcskeaganj4,vr0I2PYg36sz,2018-07-24 07:21:00
690,3,2,ajozefczakj5,EoCdkehTic,2018-06-02 20:48:52
691,2,1,wlowderj6,KZ9xsF9R9,2019-05-21 11:19:15
692,3,2,cwatersj7,0CZVUucTbrKS,2019-02-22 22:41:05
693,3,2,aromushkinj8,GyvPtdIA3FR,2018-07-30 05:16:41
694,3,1,zfulkesj9,bDesR1v,2018-10-28 06:56:28
695,2,1,dleideckerja,LfJmx6SQVy,2018-09-25 16:26:39
696,2,1,datcherleyjb,wIFqNH,2019-03-16 21:47:00
697,2,2,lmedcalfejc,K4ZLDlNQ,2018-11-28 12:29:28
698,3,2,adeversjd,H3GjLZix,2019-02-13 13:09:51
699,3,1,bhavilleje,ucdaHBIQSK,2018-06-17 08:19:26
700,2,2,llammiejf,qlSXCdTDv,2019-01-21 12:20:26
701,3,1,nhudlestonjg,c1EtqudfnPXb,2018-10-09 16:00:09
702,3,2,ospurgeonjh,d2leUxiLsK80,2019-05-15 18:46:53
703,2,2,rsantoji,JG0ohiG3,2018-10-27 20:54:36
704,2,1,aballingjj,cSyqoW,2018-07-26 16:53:29
705,2,1,bhurleyjk,5V6x9czg0kA,2018-11-28 02:26:21
706,3,2,rcouronnejl,HzU9rvAZr,2019-04-23 12:03:25
707,2,2,gprittyjm,6FBVYymTK,2019-01-04 10:24:22
708,2,2,mbeddowsjn,hLF8Mz,2018-07-22 06:55:09
709,2,1,cmanuelyjo,gHk43PRa,2018-08-24 02:58:07
710,2,2,dbrumbyejp,niACuf,2018-10-11 01:21:10
711,3,1,mmayowjq,9LOFlasUUKus,2018-07-03 05:36:16
712,2,2,cneumannjr,6st5xiGBiC0N,2019-04-14 23:20:58
713,2,2,bgrassijs,WvNAMo1,2018-06-22 01:21:02
714,2,2,awaytjt,I5UCljn9,2019-03-23 22:51:10
715,3,1,jdissju,XHje5p,2019-03-16 07:36:54
716,2,2,drickardsjv,NsvBbO3J,2018-12-25 21:19:49
717,2,1,abroughamjw,k3efS9lKg,2018-07-26 22:16:45
718,2,2,dsketcherjx,rBXSNkt,2018-06-10 22:16:20
719,2,1,slougheidjy,xoK12A8Npmuo,2019-02-15 03:06:37
720,2,2,hmallabyjz,cZmmb3B,2018-06-18 16:01:06
721,2,1,rcoultardk0,pi8KKq0Uc,2019-01-05 21:23:40
722,2,1,rcridlonk1,2l4JGm,2018-08-30 09:36:54
723,2,2,nfreezerk2,l28RF1MZA,2018-07-05 10:08:56
724,3,2,fygok3,o92jurCu,2019-04-27 15:34:06
725,2,1,rtiliok4,Zp4OXD,2018-09-01 09:05:02
726,3,2,bdallank5,BCwaX0sNzCrO,2018-08-22 08:21:10
727,3,2,asalvadorek6,NAcFd2Z,2018-06-06 09:35:28
728,3,1,gillyesk7,whhC3t,2018-10-07 22:01:35
729,3,1,ttoyek8,GOin6hvsmGm,2019-03-02 08:00:04
730,2,2,eellork9,YnZgmcWI58,2019-02-06 07:19:53
731,3,1,kllorenteka,MdCjbcNiZH,2018-11-05 22:23:01
732,3,1,vcomellokb,fitKiXP,2019-01-26 18:20:28
733,2,1,rmacalorenkc,5QokCYHVgUqZ,2019-03-09 15:52:08
734,2,2,sfindleykd,wc4Vd1NsI,2018-11-04 00:20:05
735,3,1,dblackallerke,QJESDKy2m7,2018-06-20 00:49:06
736,2,2,mforresterkf,z1JcrXdv7b,2018-12-04 22:31:13
737,2,2,roheynekg,BnyI6Yd0,2019-05-14 18:17:42
738,2,1,minnerstonekh,gJfnK8,2018-08-20 06:03:12
739,3,2,ughentki,9hB2kyhy,2018-07-18 12:02:56
740,2,1,htinsleykj,r2dwra,2019-03-01 01:31:52
741,3,1,luttingkk,JMskLaOUqiUm,2018-10-07 21:40:04
742,3,2,lgwatkinkl,CnMbtn78w,2019-05-28 08:13:05
743,2,1,fbirchnerkm,o4DzKH1,2019-03-06 08:49:01
744,2,2,habsonkn,q1ka9ofmfI9,2019-05-13 04:49:36
745,3,1,aemneyko,JH6cziT1sRK,2018-06-19 04:42:18
746,3,2,bcelezkp,mxRiAOQBTqA0,2019-05-01 03:58:35
747,2,1,jhousbiekq,rpiat27,2019-05-08 17:41:33
748,3,1,cotteykr,3oREss,2018-07-30 16:05:13
749,3,1,ibackhurstks,HuAJqqeC,2018-12-28 09:14:04
750,3,1,hjedrzejkt,Qpq0CWzQp,2018-06-29 11:18:58
751,3,2,cschollarku,6zRvrLXu,2018-12-31 02:41:26
752,2,1,rlannenkv,pPAoa6B3a,2018-08-15 10:58:16
753,2,2,spoelkw,M0941bDy2H,2018-06-07 23:28:32
754,2,1,lrodgekx,bEtSEmfibk,2018-12-11 02:50:49
755,3,2,dmccritichieky,IqGdWwb,2019-03-29 20:09:01
756,2,2,wbeastonkz,lnAsixY,2019-05-17 22:55:36
757,2,1,gfitchelll0,pbVdojgbMY,2019-03-03 13:52:31
758,2,2,mconnaughtonl1,8Wtk3M9,2019-05-20 03:19:23
759,3,2,aimmingsl2,m6WrrsyE,2019-05-06 16:13:12
760,3,2,pscarletl3,l4xC8y77EZ6,2019-01-13 21:29:57
761,3,1,cpaprotnyl4,92i7ak4ka,2019-02-15 08:55:41
762,3,2,tdeyel5,xEInGtJ,2019-01-23 15:40:47
763,3,2,kbasilonel6,1cLjL8yRrn,2018-07-07 11:55:04
764,3,2,aeassonl7,KzQndj2Y,2018-11-21 11:51:28
765,3,1,aipsgravel8,geLimll,2018-11-07 19:57:04
766,2,1,hlaurencotl9,wgxFkeui,2018-06-18 19:54:39
767,3,2,pwakehamla,YhfaPmFj5,2019-02-01 00:18:06
768,2,2,rshearmelb,xcyBbfBUP3E,2018-11-22 16:47:07
769,2,2,athorsenlc,5Wr0JuIvufm,2018-06-15 03:13:02
770,3,2,dpettifordld,y6JWdtk60u,2018-11-22 18:28:32
771,2,2,mfairlemle,WaQfqP4OAz,2018-10-31 18:52:39
772,3,2,opalinglf,Uiw5Vpu,2018-08-03 03:56:47
773,2,2,wkerkhamlg,y0y19RtkuI6d,2018-10-09 06:06:44
774,2,1,iluncklh,GzDJR31FQ,2018-11-01 06:49:31
775,2,1,ebacksonli,j3JjjyqtFBN,2018-11-12 09:43:53
776,2,2,pjennawaylj,0vyrOmgaaRJE,2018-08-21 20:02:33
777,2,2,jsteedlk,iuRYkBvp8,2019-01-21 08:55:15
778,3,2,bthorndycraftll,J3jYcZK,2018-12-03 16:51:34
779,3,2,nloffheadlm,TQ48pDn72Cek,2019-03-14 07:23:24
780,3,1,cwickwarln,twvvLpS,2018-06-05 23:34:44
781,3,1,acaberaslo,eJBbSx,2019-05-26 02:48:28
782,3,2,dcarbonelllp,MBw1103HqUI,2019-01-11 12:01:31
783,2,2,smanvellelq,f8sJgCf,2018-09-12 20:52:35
784,3,1,arilstonlr,cGfa9yhh,2018-06-28 20:36:18
785,2,2,cbeetlesls,S1a4LdnGswx,2019-05-29 06:11:38
786,2,1,hwarmanlt,RIHIl01,2018-11-03 22:15:25
787,2,1,imessentlu,b7LsVsZRQ,2019-01-30 05:21:07
788,3,2,ecoastlv,Gk6lUKg2Cdq9,2018-11-05 17:14:41
789,2,2,elinforthlw,afKHEwzPtS,2018-11-07 01:41:07
790,3,1,mpinnijarlx,BrkDGhkH5hd,2019-03-01 00:04:29
791,2,1,aswatridgely,zaJ3yvIpErw,2018-07-09 09:17:16
792,3,2,dotridgelz,4PJdmB9es5Q,2018-09-28 12:23:07
793,3,2,mclandillonm0,PEgPvqu,2019-04-22 05:33:45
794,3,2,plittm1,6VfYqegWOsKX,2018-07-07 18:43:11
795,3,2,bcollissonm2,buWBm2S,2019-03-01 11:23:41
796,3,1,alandellm3,EuXKSJNf,2019-02-08 21:56:35
797,3,2,nprinnm4,GbCtchoLJvtW,2019-05-31 21:40:45
798,3,2,ohubbinsm5,5c5FRPq0KHok,2019-05-08 05:25:37
799,2,2,lhassardm6,lyp69Xq2Q,2018-07-21 04:18:07
800,2,1,csilvestonm7,GYkQ2jUI5e,2018-06-26 08:22:14
801,3,1,llandsburym8,JwESbWSsE5,2018-08-05 10:37:05
802,2,1,gcollcuttm9,fJCWNel,2019-02-23 05:37:20
803,2,2,bdrinkhallma,Tzq7bInTfSw,2019-01-06 16:08:14
804,2,2,emcgaugiemb,7r17k1GJ,2019-05-16 08:53:13
805,3,1,vbranchmc,5vYpR3ZtWsa,2019-03-24 16:29:58
806,3,2,nbaskeyfieldmd,I6R13FWbD,2018-12-10 05:51:59
807,3,2,czolinime,8XY7Z8gL,2019-01-27 11:46:53
808,3,1,dgrimsdalemf,cWVKUjoT51,2018-10-16 12:47:51
809,3,2,smarrianmg,I20O3ofC,2019-03-14 18:17:49
810,3,1,sbilbrookmh,HmDotC32f1,2018-10-10 20:49:27
811,2,2,aholtawaymi,Np1jfJszg,2019-02-15 19:30:44
812,2,2,adickymj,DkGGXK,2018-09-06 03:21:09
813,2,2,socorranemk,BOOHH9awo,2019-05-24 11:13:14
814,2,1,mtrebilcockml,43WLxlbF49p,2019-06-01 12:14:11
815,3,1,cheersmamm,8NcMRU8vdDS,2018-11-24 13:51:12
816,3,1,tocalleranmn,ffFy9EB6CMN,2018-09-15 12:59:27
817,2,2,ncastelainmo,PTW3vCnMbX,2018-07-15 09:01:47
818,3,2,gelcummp,UFUe7nm9mug1,2018-11-30 00:15:02
819,3,2,habercrombymq,MW315oBdL7jU,2018-08-24 15:25:33
820,3,2,jperratmr,JcyV3WS,2019-04-21 10:37:19
821,3,2,kstandringms,kWmnZK,2019-05-28 14:50:08
822,2,2,clistermt,vV0CdF,2018-11-18 01:33:36
823,2,1,ndwyermu,WU1GmnuJ,2019-04-11 15:00:12
824,3,2,afumagallomv,aqx3JkQ0P7Rt,2018-11-04 16:34:22
825,2,2,sminellimw,XLifqYy,2019-02-15 21:52:55
826,3,1,jblackeymx,xRgiZPNfabb,2019-04-18 14:28:22
827,3,1,gcustardmy,46SC37kMQbS,2018-12-15 22:24:34
828,3,2,mcluderaymz,nXlvZ9w4f9e,2018-06-19 12:22:55
829,2,2,scosbeen0,Is99lq,2018-09-15 16:53:57
830,3,1,dlanawayn1,O1fOsF,2018-06-26 04:24:51
831,2,1,hwealdn2,hjSAzhqPQKp5,2019-02-17 01:18:14
832,2,1,solennikovn3,aZD13qmBE,2019-04-07 19:46:46
833,2,2,fbittertonn4,1bkWFC,2018-11-26 06:18:10
834,3,1,hakettn5,LWk5FAlOh,2018-07-21 14:52:35
835,3,1,mreneken6,hVqFqT,2018-10-04 10:44:22
836,3,2,cbootymann7,Q8LasbEG8,2019-01-10 05:54:17
837,2,1,adamiraln8,hymkSDuDc,2019-02-07 02:01:57
838,3,1,adreighern9,zg3wdB,2018-08-25 17:00:43
839,3,1,afairbrotherna,GgB5U3b7,2018-07-11 02:53:42
840,2,1,nhoytenb,vAnWPAT,2018-12-02 08:46:08
841,2,1,dnolleaunc,bv3L062,2018-12-29 12:05:28
842,2,1,rcardingnd,FWsG1uybw5,2018-10-15 18:19:01
843,3,2,jsaylene,cVbLQWF4kz,2019-05-08 10:49:30
844,3,2,cserrisnf,xrHAV9l50DuW,2018-07-02 16:53:55
845,3,2,djahnckeng,61No91cl,2018-12-21 22:26:06
846,2,2,fcharnocknh,LcMMJP,2019-03-16 03:52:48
847,3,1,pabbieni,wKslU4SAxur,2018-11-15 23:47:44
848,3,1,bbattellenj,E35LNU9bn,2018-08-27 20:25:51
849,2,2,aklugelnk,UdHZ1WB0W,2018-12-20 10:29:01
850,2,1,gwoodwindnl,6Qkymgnh0Z,2018-08-10 06:12:13
851,3,2,adunawaynm,WbxwoS1db,2018-10-19 19:24:14
852,2,2,dbasnettnn,tLWH4zeqADet,2019-02-25 16:10:50
853,3,2,rpauelno,DXDbmxs,2019-05-24 11:54:53
854,2,1,zsilwoodnp,LPNwvho,2019-01-25 21:18:40
855,3,1,fleithnq,Wmos3lT,2018-09-12 09:10:49
856,3,2,ddomenguenr,L3IlCFS6Z,2019-02-01 18:15:05
857,3,2,rzanollins,kHZL1CFYn,2018-10-26 21:48:27
858,2,1,bbraysonnt,00weBAR,2018-08-08 01:12:26
859,3,2,hsandomnu,nlbtzr,2018-07-16 14:53:28
860,3,1,tparamannv,Wu1WhpYe5,2018-07-30 09:35:01
861,3,1,hbarkshirenw,HZnM0z9ayVzl,2019-02-28 05:47:48
862,3,2,cdominettinx,vCjUs129ZSU7,2018-09-17 19:04:20
863,3,1,bmeachemny,lfQRsF5,2018-09-08 11:50:09
864,2,1,hbasnettnz,iZW4Vm,2019-02-06 09:30:36
865,2,1,hcurmio0,xH6mlTAYzj,2019-04-13 07:30:50
866,2,2,vbehano1,cdfat4ABV64,2019-04-14 02:34:34
867,2,1,hbaudinso2,OHjUh7w7,2019-04-20 16:26:27
868,3,2,sdoddemeedeo3,WczTQ4yE9TP,2018-09-12 21:36:21
869,2,1,wokielto4,POLau5,2018-12-08 20:56:38
870,2,2,igoldso5,iWsk1FFbCEj,2018-12-14 11:31:38
871,3,1,gcarluccioo6,zXoj8PIsKP,2019-03-29 05:40:57
872,2,1,ccherrymano7,ba81dNmXCTvg,2018-06-12 14:44:26
873,3,2,bdareyo8,yasxGwJAd0an,2018-06-14 05:04:43
874,3,1,jgubbino9,RthEnH22dy,2019-05-09 11:43:58
875,2,1,aphetteplaceoa,12XMdjQ5mzR,2018-09-27 06:31:13
876,3,1,rcurrmob,NbfhqXAD2i,2019-04-25 23:27:20
877,3,2,gwoolhamoc,CiSu9NfreV,2019-04-03 22:24:04
878,2,2,ccaswallod,AxLeTBMX,2018-11-13 11:15:06
879,3,1,mdemcikoe,wBlhtm,2019-03-16 18:46:15
880,2,1,cwingeatof,pELZTri87Ygh,2018-08-27 13:27:24
881,3,2,gfernezog,5wa1lvKtQH,2018-10-21 05:58:16
882,2,1,pduiguidoh,0mqSSphTuWLs,2019-05-09 22:58:22
883,3,1,kheaffeyoi,W1BjfXtb,2019-05-27 05:50:43
884,2,1,vbretteloj,sgxUkg0iJ9,2019-03-17 02:40:03
885,2,2,hphizackleaok,nzTVcH,2018-07-15 12:33:37
886,3,1,sbrumfieldol,Ye1Gsl3,2019-02-21 02:42:47
887,3,1,jstatefieldom,syYhxfAn0lRp,2018-09-15 01:01:39
888,2,2,lparbrookon,B4mniC2Zwstc,2019-01-02 13:58:52
889,2,2,dstapellsoo,JbEdHy4YosGx,2018-07-21 03:11:59
890,3,1,ttolfreyop,y3JpICVv,2018-09-02 00:31:56
891,2,1,bpettengelloq,Aenp3dMpwqZ,2018-07-20 01:53:19
892,3,2,nraatzor,ASWBmFiyRF,2019-02-23 05:42:52
893,3,1,pnetleyos,010QIo5kN,2018-12-30 20:50:33
894,2,2,cpawlingot,1oMZGGML42qL,2018-09-12 12:07:57
895,3,1,nwalpoleou,j85QZJ8f,2018-10-13 03:52:40
896,2,1,gwombwellov,WYlPdcAo8HK,2019-03-14 01:19:36
897,3,1,tgibbonsow,aDynoA,2019-02-12 12:54:19
898,2,2,jgronnoox,hEzjnIL,2018-11-15 18:12:40
899,2,1,aclutramoy,nkwzFF4,2019-04-08 23:11:05
900,2,1,smasureloz,gpAgdOxH1A,2018-10-19 17:22:38
901,2,2,grawstornep0,luL4yfPfU4pf,2019-02-20 23:14:03
902,3,2,smccurleyp1,d6k9yE3,2018-07-08 03:49:40
903,3,1,etunuyp2,qguaTHtyI,2018-12-28 10:22:32
904,3,2,mquestp3,FmZ5goxBg8,2019-01-24 16:36:46
905,3,2,kcordallp4,FMGRrXyB11,2018-11-06 02:52:56
906,2,1,smillsonp5,GrIi3LBAGo,2018-10-04 18:37:15
907,3,2,hingarfillp6,IQ5jiQ3Vc,2018-07-27 08:18:00
908,3,1,zblunsenp7,gLxhqr6X2X,2018-07-21 20:27:00
909,2,1,lcutchiep8,UwIY1XMyDpCH,2019-02-25 09:27:23
910,3,1,agwynnp9,boGxlWTOSf0,2018-07-29 19:01:45
911,2,2,gilempa,2k6ngrfnvAJM,2019-05-08 05:01:40
912,3,1,ecokaynepb,Ll8aBCBPVA,2019-01-16 18:07:40
913,2,2,gfuttypc,sP5aF5eMn25u,2019-05-22 09:15:11
914,2,2,nmethvenpd,8ZmXdXrU,2018-09-15 20:19:22
915,2,2,slebarrepe,jyRehY0ZQkm,2018-06-02 00:31:18
916,2,1,jtrappepf,E0GIoj1S,2019-05-23 18:09:18
917,2,1,apeplerpg,OMcOo3,2019-03-20 20:23:21
918,2,1,zgeorgiph,KMd0ildHYd2,2019-03-06 07:36:48
919,3,1,tritchmanpi,cihI4c,2019-02-08 10:15:41
920,3,2,lgurradopj,59c57ug3V,2019-02-20 11:04:06
921,2,1,ngammillpk,t7MYCXZ,2019-04-12 12:36:46
922,3,2,fnewepl,4y08KENIX,2018-12-02 16:15:58
923,3,2,bchurlypm,bbEXUac8PDW,2019-04-20 11:05:05
924,3,2,nsurcombpn,fPy6OoLVrO,2018-11-18 18:44:19
925,3,2,nspurryerpo,3t7IL5Y,2018-11-01 18:50:03
926,3,2,dassirattipp,kiir3R,2018-06-24 21:53:29
927,3,1,ccovetpq,b4mPzzDsvAKY,2018-08-25 10:26:34
928,2,2,ckonradpr,7j5k9SYHXj,2018-10-07 10:58:26
929,2,1,gthackwrayps,iXYzI6,2019-02-02 13:57:50
930,2,2,dwernypt,iw4Lq1aUM,2019-02-23 07:47:14
931,2,2,mchaterpu,BM4krTdoX2Ur,2019-03-26 03:23:32
932,2,1,kguittpv,tkJL5GiYl,2018-12-17 04:42:34
933,2,1,bdeleekpw,p10m7R,2018-09-20 10:38:41
934,3,2,dmithunpx,c88sKElIpnke,2018-12-20 21:10:12
935,3,2,spiechapy,74H63XZiNl5X,2018-10-19 14:59:39
936,3,1,psoanepz,A1tu5icU,2018-06-06 09:03:56
937,2,1,hthomingaq0,ILd0xZLpZJn,2019-03-19 09:19:46
938,2,1,ecrimpeq1,x7aqxC6h1mF9,2019-04-04 19:47:03
939,3,2,clunaq2,Vcfb1Y6e,2018-08-21 09:43:41
940,2,2,ccusickq3,uVxMtqc8R,2019-04-28 14:46:54
941,2,1,mjakubowiczq4,XBfSDovq,2018-08-10 11:49:14
942,3,1,yphilippq5,15eLBP6bx,2018-09-14 03:06:34
943,3,1,adoodq6,iRoEnFh,2018-07-22 00:42:08
944,2,1,gocahernyq7,1HlESNyIn1,2018-06-29 15:06:13
945,3,2,lbollandsq8,efLcsW8,2019-05-23 01:40:37
946,3,2,sdewberryq9,jQyPCWb,2018-10-20 00:22:52
947,2,1,knuttqa,Y5N2ex81BCnb,2019-02-18 21:48:03
948,3,2,bsleggqb,c225wxN,2019-02-18 03:00:06
949,3,2,sbeltqc,tPwf2yKDZBz,2019-02-06 19:09:42
950,3,1,jmarquesqd,dOZOyII,2019-04-24 14:38:49
951,2,2,ksartenqe,5LYPje6wQPPb,2018-12-03 08:19:39
952,2,2,stofaniniqf,8NL25b6F,2019-05-29 09:04:25
953,3,1,ubiaggiottiqg,Xxra83D,2018-10-04 12:23:29
954,3,1,bgronoqh,OZqhKbG,2019-05-03 09:04:13
955,2,2,chearsumqi,vdHBlxpu,2019-01-03 08:13:53
956,2,2,mbilesqj,pLuue4mq,2019-03-16 10:56:51
957,3,2,bgoadeqk,886Vd2VG,2019-05-15 02:10:31
958,3,2,tpugsleyql,YeYh0V89,2019-01-13 01:02:25
959,3,2,jbournerqm,PBBpHmlYFXd,2019-05-05 04:15:48
960,3,1,rdobingqn,71WPwQPZ,2018-10-09 22:33:39
961,3,1,singyonqo,jDHSGyvUT,2018-09-06 06:27:10
962,2,1,cdohmannqp,8l4AjbWZ,2019-01-09 05:50:59
963,2,1,ztownesqq,cq3zDyxQJI,2019-04-26 03:07:17
964,2,2,slaugheraneqr,550sfV1,2019-03-27 16:37:56
965,3,1,fdearlepalserqs,4BpXeME39,2019-05-30 01:54:51
966,3,1,olukasenqt,CNC5V5dLu,2018-07-17 04:34:31
967,3,2,dlevicountqu,6k1PLRJEsi,2018-09-20 11:07:03
968,3,2,fcaddellqv,r7NkBZrZ,2018-09-24 12:03:30
969,2,1,hsakinsqw,2uBoZqe,2019-04-07 02:23:18
970,3,2,atommasuzziqx,Tpyb53u55,2018-06-27 13:14:11
971,2,2,pminogueqy,fmrH09ugs,2019-03-08 07:15:16
972,2,1,mgoodwellqz,4OSll6s,2018-10-14 20:12:16
973,3,1,hserotr0,j9Edlybtz2p3,2018-08-11 19:07:54
974,2,2,kshadrackr1,FVcM8tQ,2019-01-07 09:41:43
975,2,2,mwallworthr2,8luzxSmqaj5,2019-05-16 14:19:13
976,3,1,eshackelr3,RL9EYw6Cog,2018-08-16 11:43:46
977,2,2,jfarrahr4,Ox9vTL,2018-11-27 02:02:42
978,3,2,pdanielour5,5ZB3ZG53dK1,2018-08-08 07:03:13
979,2,2,cfrearsonr6,e9JiwC2l,2019-03-26 21:04:01
980,2,2,aludlr7,rJBmDfAWq9x,2018-08-14 20:25:14
981,2,1,scordetr8,AAuie3imeVj,2019-02-26 13:56:08
982,3,2,sspoorsr9,YP0lkQd,2018-12-16 00:12:37
983,2,1,scopingra,Wu53vh,2018-09-15 14:29:51
984,3,1,ipraterb,nr2yZMSozj,2019-02-01 00:49:00
985,2,1,shooferc,hzzWGCyjY1C,2018-07-17 02:43:22
986,3,1,jgoulthorprd,NH0pHgDTJ,2018-10-15 05:17:38
987,3,1,eeldershawre,9Jt5m1cCi,2018-07-17 05:01:34
988,2,1,aantoniadesrf,nXghGH,2019-05-30 10:43:54
989,2,1,mrandlesonrg,5YxNPH,2018-11-21 13:14:48
990,2,1,jbullinghamrh,BVaJ2D7i,2018-07-25 03:00:03
991,2,1,slottringtonri,hxQRsR0iVkm,2018-07-01 16:18:55
992,3,2,dlangabeerrj,V0TP3UjJRkm,2019-02-20 03:58:53
993,3,1,sasgodbyrk,xBdblKdN,2019-05-22 01:53:20
994,2,1,icleatorrl,U7OR8vvR,2019-02-04 07:57:05
995,3,1,kyakebovitchrm,kYPaBL,2018-11-22 18:35:34
996,3,2,ckernerrn,Z3sQ6zDTm,2018-12-09 10:27:15
997,3,2,tprattonro,JHB6CHB8k,2019-05-20 08:48:46
998,3,2,scollefordrp,oylac1yT,2018-07-10 20:46:38
999,3,1,sskippingsrq,Tbt312q,2019-05-14 16:17:31
1000,2,1,bscreechrr,TVLEjMfgRH5,2019-04-24 23:43:31
